data_state,county,data_year,days_with_aqi,good_days,moderate_days,unhealthy_sensitive_days,unhealthy_days,very_unhealthy_days,hazardous_days,max_aqi,ninetieth_percentile_aqi,median_aqi,days_co,days_no2,days_ozone,days_so2,days_pm2,days_pm10
Alabama,Baldwin,12/31/2018,270,245,25,0,0,0,0,97,50,35,0,0,214,0,56,0
Alabama,Clay,12/31/2018,110,103,7,0,0,0,0,64,45,27,0,0,0,0,110,0
Alabama,Colbert,12/31/2018,277,251,26,0,0,0,0,93,50,35,0,0,209,0,68,0
Alabama,DeKalb,12/31/2018,350,316,34,0,0,0,0,84,50,35,0,0,317,0,33,0
Alabama,Elmore,12/31/2018,222,203,19,0,0,0,0,71,49,33,0,0,222,0,0,0
Alabama,Etowah,12/31/2018,324,231,92,0,1,0,0,153,61,41,0,0,179,0,145,0
Alabama,Houston,12/31/2018,277,249,28,0,0,0,0,80,51,35,0,0,211,0,66,0
Alabama,Jefferson,12/31/2018,365,176,184,4,1,0,0,156,74,51,0,1,100,32,228,4
Alabama,Lawrence,12/31/2018,118,112,6,0,0,0,0,61,45,23,0,0,0,0,118,0
Alabama,Madison,12/31/2018,365,275,89,1,0,0,0,115,58,41,0,0,130,0,234,1
Alabama,Mobile,12/31/2018,365,290,74,1,0,0,0,105,57,38,0,0,150,13,202,0
Alabama,Montgomery,12/31/2018,324,149,175,0,0,0,0,93,66,52,0,0,43,0,281,0
Alabama,Morgan,12/31/2018,364,304,60,0,0,0,0,100,54,37,0,0,176,0,188,0
Alabama,Russell,12/31/2018,364,277,87,0,0,0,0,99,61,39,0,0,115,0,249,0
Alabama,Shelby,12/31/2018,363,328,31,4,0,0,0,124,50,31,0,0,232,131,0,0
Alabama,Sumter,12/31/2018,365,344,21,0,0,0,0,77,47,29,0,0,222,13,130,0
Alabama,Tuscaloosa,12/31/2018,320,265,54,1,0,0,0,115,56,37,0,0,195,0,125,0
Alaska,Aleutians East ,12/31/2018,120,120,0,0,0,0,0,34,21,10,0,0,0,0,120,0
Alaska,Anchorage ,12/31/2018,365,308,57,0,0,0,0,87,57,24,2,0,0,0,259,104
Alaska,Bethel ,12/31/2018,202,196,6,0,0,0,0,77,33,15,0,0,0,0,142,60
Alaska,Denali ,12/31/2018,364,361,3,0,0,0,0,58,44,35,0,0,363,0,1,0
Alaska,Fairbanks North Star ,12/31/2018,365,248,78,29,10,0,0,156,103,34,0,28,113,2,217,5
Alaska,Juneau ,12/31/2018,352,306,46,0,0,0,0,83,54,23,0,0,0,0,348,4
Alaska,Kenai Peninsula ,12/31/2018,120,120,0,0,0,0,0,27,15,8,0,0,0,0,120,0
Alaska,Matanuska-Susitna ,12/31/2018,365,325,36,3,1,0,0,151,53,27,0,0,221,0,122,22
Arizona,Apache,12/31/2018,358,354,4,0,0,0,0,55,26,12,0,0,0,0,32,326
Arizona,Cochise,12/31/2018,365,276,89,0,0,0,0,90,63,44,0,0,313,0,18,34
Arizona,Coconino,12/31/2018,365,240,122,3,0,0,0,126,77,45,0,0,358,0,7,0
Arizona,Gila,12/31/2018,365,107,170,80,8,0,0,184,117,71,0,0,161,188,0,16
Arizona,La Paz,12/31/2018,364,263,98,3,0,0,0,105,70,44,0,0,351,0,7,6
Arizona,Maricopa,12/31/2018,365,54,247,57,4,3,0,249,115,71,0,15,184,0,61,105
Arizona,Mohave,12/31/2018,363,350,12,1,0,0,0,105,33,18,0,0,0,0,33,330
Arizona,Navajo,12/31/2018,363,261,100,2,0,0,0,115,74,44,0,0,353,0,2,8
Arizona,Pima,12/31/2018,365,196,158,11,0,0,0,129,84,49,0,0,255,0,31,79
Arizona,Pinal,12/31/2018,365,85,229,34,6,3,8,996,108,67,0,0,131,0,23,211
Arizona,Santa Cruz,12/31/2018,365,294,69,1,1,0,0,183,59,31,0,0,0,0,220,145
Arizona,Yavapai,12/31/2018,365,292,72,1,0,0,0,101,61,43,0,0,363,0,2,0
Arizona,Yuma,12/31/2018,365,239,110,15,1,0,0,169,80,45,0,0,235,0,33,97
Arkansas,Arkansas,12/31/2018,118,98,20,0,0,0,0,90,54,33,0,0,0,0,118,0
Arkansas,Ashley,12/31/2018,121,106,14,1,0,0,0,103,52,29,0,0,0,0,121,0
Arkansas,Clark,12/31/2018,361,342,19,0,0,0,0,87,46,31,0,0,361,0,0,0
Arkansas,Craighead,12/31/2018,90,71,19,0,0,0,0,72,56,35,0,0,0,0,90,0
Arkansas,Crittenden,12/31/2018,365,288,74,3,0,0,0,115,60,40,0,7,187,0,171,0
Arkansas,Garland,12/31/2018,121,99,22,0,0,0,0,86,54,31,0,0,0,0,121,0
Arkansas,Jackson,12/31/2018,122,107,15,0,0,0,0,71,53,31,0,0,0,0,122,0
Arkansas,Newton,12/31/2018,364,336,28,0,0,0,0,84,48,35,0,0,352,0,12,0
Arkansas,Polk,12/31/2018,363,319,44,0,0,0,0,93,54,38,0,0,311,0,52,0
Arkansas,Pulaski,12/31/2018,365,257,106,2,0,0,0,122,64,43,0,1,146,0,218,0
Arkansas,Union,12/31/2018,365,276,86,3,0,0,0,122,59,37,0,0,0,0,365,0
Arkansas,Washington,12/31/2018,365,266,99,0,0,0,0,87,64,42,0,0,216,0,149,0
California,Alameda,12/31/2018,365,175,173,5,10,2,0,223,76,51,0,10,72,0,283,0
California,Amador,12/31/2018,364,288,70,6,0,0,0,129,71,40,0,0,364,0,0,0
California,Butte,12/31/2018,365,152,173,22,11,3,4,445,104,54,0,0,203,0,161,1
California,Calaveras,12/31/2018,364,148,196,14,6,0,0,157,87,53,0,0,141,0,223,0
California,Colusa,12/31/2018,365,245,92,10,17,1,0,274,81,42,0,0,176,0,155,34
California,Contra Costa,12/31/2018,365,203,144,7,9,2,0,245,71,48,0,1,107,1,256,0
California,Del Norte,12/31/2018,180,162,18,0,0,0,0,77,52,25,0,0,0,0,180,0
California,El Dorado,12/31/2018,365,222,106,27,9,1,0,203,101,45,0,0,353,0,3,9
California,Fresno,12/31/2018,365,84,183,79,19,0,0,185,133,74,0,3,231,0,121,10
California,Glenn,12/31/2018,363,275,72,9,6,1,0,230,69,36,0,0,154,0,136,73
California,Humboldt,12/31/2018,365,324,35,5,1,0,0,163,53,34,0,2,251,0,94,18
California,Imperial,12/31/2018,365,95,220,41,7,2,0,286,108,62,0,7,129,0,100,129
California,Inyo,12/31/2018,365,198,130,26,8,2,1,624,101,48,0,0,311,0,20,34
California,Kern,12/31/2018,365,65,170,103,27,0,0,190,142,84,0,0,246,0,106,13
California,Kings,12/31/2018,365,89,218,49,9,0,0,180,114,69,0,0,186,0,123,56
California,Lake,12/31/2018,357,347,7,1,1,1,0,208,43,33,0,0,344,0,11,2
California,Los Angeles,12/31/2018,365,35,222,89,18,1,0,201,130,76,0,32,175,0,157,1
California,Madera,12/31/2018,365,152,178,30,5,0,0,165,100,56,0,0,210,0,120,35
California,Marin,12/31/2018,365,294,58,3,9,1,0,218,58,36,0,22,135,0,208,0
California,Mariposa,12/31/2018,365,189,136,10,21,8,1,301,108,50,0,0,265,0,100,0
California,Mendocino,12/31/2018,364,289,54,13,6,1,1,314,64,37,0,0,151,0,209,4
California,Merced,12/31/2018,365,173,151,32,9,0,0,171,101,51,0,1,196,0,167,1
California,Mono,12/31/2018,365,279,57,14,11,2,2,994,84,23,0,0,0,0,218,147
California,Monterey,12/31/2018,365,319,39,5,2,0,0,155,52,38,0,1,212,0,93,59
California,Napa,12/31/2018,364,273,79,4,8,0,0,183,61,39,1,1,165,0,196,1
California,Nevada,12/31/2018,363,245,90,19,9,0,0,196,87,44,0,0,327,0,36,0
California,Orange,12/31/2018,365,198,149,15,3,0,0,157,85,50,0,25,192,0,145,3
California,Placer,12/31/2018,365,187,124,37,13,4,0,223,122,50,0,1,297,0,65,2
California,Plumas,12/31/2018,350,219,121,8,2,0,0,159,84,35,0,0,0,0,350,0
California,Riverside,12/31/2018,365,50,175,103,31,6,0,296,151,87,0,1,229,0,92,43
California,Sacramento,12/31/2018,365,161,169,22,8,4,1,314,100,54,0,1,202,0,157,5
California,San Benito,12/31/2018,365,294,60,11,0,0,0,143,61,41,0,0,321,0,43,1
California,San Bernardino,12/31/2018,365,43,168,96,51,7,0,221,164,88,0,20,215,0,126,4
California,San Diego,12/31/2018,365,73,257,35,0,0,0,143,100,64,0,1,202,0,162,0
California,San Francisco,12/31/2018,365,278,73,2,11,1,0,228,61,37,1,34,126,0,203,1
California,San Joaquin,12/31/2018,365,152,180,20,10,2,1,308,99,54,0,1,154,0,204,6
California,San Luis Obispo,12/31/2018,365,202,154,9,0,0,0,133,74,49,0,0,234,0,92,39
California,San Mateo,12/31/2018,365,295,57,3,10,0,0,185,56,36,0,22,138,0,205,0
California,Santa Barbara,12/31/2018,365,244,119,2,0,0,0,114,64,47,0,0,266,0,86,13
California,Santa Clara,12/31/2018,365,233,115,6,11,0,0,194,71,44,0,7,166,0,192,0
California,Santa Cruz,12/31/2018,365,331,24,5,5,0,0,170,50,36,0,0,221,0,144,0
California,Shasta,12/31/2018,365,277,67,15,6,0,0,190,82,43,0,0,343,0,21,1
California,Siskiyou,12/31/2018,365,269,56,16,24,0,0,196,119,41,0,0,241,0,124,0
California,Solano,12/31/2018,365,263,87,3,11,1,0,247,64,42,0,3,184,0,178,0
California,Sonoma,12/31/2018,365,325,27,3,8,2,0,226,52,36,0,2,280,0,82,1
California,Stanislaus,12/31/2018,365,157,161,32,14,1,0,240,108,54,0,2,203,0,151,9
California,Sutter,12/31/2018,365,153,177,22,7,5,1,335,100,54,0,0,166,0,198,1
California,Tehama,12/31/2018,365,226,110,16,13,0,0,190,95,45,0,0,239,0,126,0
California,Trinity,12/31/2018,291,173,99,12,7,0,0,191,79,44,0,0,0,0,291,0
California,Tulare,12/31/2018,365,73,171,95,26,0,0,174,140,77,0,0,233,0,124,8
California,Tuolumne,12/31/2018,348,254,73,20,1,0,0,154,80,43,0,0,348,0,0,0
California,Ventura,12/31/2018,365,174,174,16,1,0,0,166,87,52,0,2,213,0,138,12
California,Yolo,12/31/2018,365,260,91,5,7,2,0,235,67,43,0,0,249,0,114,2
Colorado,Adams,12/31/2018,365,199,163,3,0,0,0,130,74,49,0,59,146,0,95,65
Colorado,Alamosa,12/31/2018,360,351,8,0,0,1,0,235,33,19,0,0,0,0,25,335
Colorado,Arapahoe,12/31/2018,365,231,119,14,1,0,0,156,87,45,0,0,354,0,11,0
Colorado,Archuleta,12/31/2018,365,333,32,0,0,0,0,97,50,38,0,0,331,0,0,34
Colorado,Boulder,12/31/2018,362,219,114,28,1,0,0,159,96,46,0,0,285,0,77,0
Colorado,Chaffee,12/31/2018,164,67,91,5,1,0,0,161,87,58,0,0,164,0,0,0
Colorado,Clear Creek,12/31/2018,291,145,118,25,3,0,0,164,100,51,0,0,291,0,0,0
Colorado,Delta,12/31/2018,297,277,20,0,0,0,0,83,47,35,0,1,213,0,43,40
Colorado,Denver,12/31/2018,365,177,178,10,0,0,0,150,80,51,0,147,142,0,76,0
Colorado,Douglas,12/31/2018,364,215,122,24,3,0,0,156,97,46,0,0,302,0,62,0
Colorado,El Paso,12/31/2018,365,233,124,8,0,0,0,119,84,46,0,0,329,0,36,0
Colorado,Fremont,12/31/2018,20,20,0,0,0,0,0,36,20,15,0,0,0,0,0,20
Colorado,Garfield,12/31/2018,365,217,132,15,1,0,0,151,87,48,0,0,362,0,2,1
Colorado,Grand,12/31/2018,166,110,54,1,1,0,0,151,67,47,0,0,166,0,0,0
Colorado,Gunnison,12/31/2018,365,235,125,4,1,0,0,156,77,47,0,0,354,0,0,11
Colorado,Jackson,12/31/2018,116,113,3,0,0,0,0,60,20,7,0,0,0,0,116,0
Colorado,Jefferson,12/31/2018,365,229,99,35,2,0,0,151,101,46,0,0,365,0,0,0
Colorado,La Plata,12/31/2018,365,240,105,10,9,1,0,218,80,45,0,0,330,0,32,3
Colorado,Larimer,12/31/2018,365,195,142,25,3,0,0,169,97,50,0,0,322,0,43,0
Colorado,Mesa,12/31/2018,365,216,144,5,0,0,0,150,80,46,1,0,301,0,62,1
Colorado,Moffat,12/31/2018,331,262,68,1,0,0,0,108,61,42,0,0,331,0,0,0
Colorado,Montezuma,12/31/2018,359,259,96,4,0,0,0,115,71,44,0,0,356,0,3,0
Colorado,Montrose,12/31/2018,326,257,68,1,0,0,0,122,64,42,0,0,326,0,0,0
Colorado,Park,12/31/2018,324,161,145,17,1,0,0,174,90,51,0,0,323,0,1,0
Colorado,Pitkin,12/31/2018,123,123,0,0,0,0,0,43,27,14,0,0,0,0,31,92
Colorado,Prowers,12/31/2018,359,353,5,1,0,0,0,103,31,16,0,0,0,0,0,359
Colorado,Pueblo,12/31/2018,123,117,5,1,0,0,0,101,39,23,0,0,0,0,84,39
Colorado,Rio Blanco,12/31/2018,365,242,121,2,0,0,0,108,71,45,0,0,329,0,36,0
Colorado,Routt,12/31/2018,355,354,1,0,0,0,0,51,30,15,0,0,0,0,0,355
Colorado,San Juan,12/31/2018,118,113,5,0,0,0,0,100,25,8,0,0,0,0,118,0
Colorado,San Miguel,12/31/2018,238,160,76,2,0,0,0,101,71,46,0,0,181,0,0,57
Colorado,Teller,12/31/2018,160,63,85,12,0,0,0,133,97,58,0,0,160,0,0,0
Colorado,Weld,12/31/2018,365,187,168,10,0,0,0,133,87,50,0,0,264,0,100,1
Connecticut,Fairfield,12/31/2018,365,258,86,14,7,0,0,185,80,41,0,21,196,0,148,0
Connecticut,Hartford,12/31/2018,365,293,70,2,0,0,0,143,61,37,0,24,193,0,145,3
Connecticut,Litchfield,12/31/2018,363,319,40,4,0,0,0,133,53,36,2,0,327,0,34,0
Connecticut,Middlesex,12/31/2018,208,168,32,8,0,0,0,126,67,40,0,0,208,0,0,0
Connecticut,New Haven,12/31/2018,365,276,75,12,2,0,0,156,68,40,0,29,205,0,131,0
Connecticut,New London,12/31/2018,315,284,25,6,0,0,0,140,50,35,0,0,189,0,126,0
Connecticut,Tolland,12/31/2018,213,189,20,4,0,0,0,140,54,38,0,0,213,0,0,0
Connecticut,Windham,12/31/2018,358,332,20,6,0,0,0,129,47,34,0,0,358,0,0,0
Country Of Mexico,BAJA CALIFORNIA NORTE,12/31/2018,152,16,97,28,10,0,1,369,139,73,0,0,0,0,99,53
Country Of Mexico,SONORA,12/31/2018,362,317,42,3,0,0,0,119,51,38,0,0,362,0,0,0
Delaware,Kent,12/31/2018,365,310,53,2,0,0,0,133,55,38,0,0,277,0,88,0
Delaware,New Castle,12/31/2018,365,260,99,6,0,0,0,150,67,42,0,4,230,1,130,0
Delaware,Sussex,12/31/2018,365,295,66,4,0,0,0,140,58,40,0,0,295,0,70,0
District Of Columbia,District of Columbia,12/31/2018,365,235,124,5,1,0,0,164,71,44,0,16,184,0,165,0
Florida,Alachua,12/31/2018,364,335,29,0,0,0,0,90,48,33,0,0,293,0,71,0
Florida,Baker,12/31/2018,360,341,19,0,0,0,0,87,46,31,0,0,360,0,0,0
Florida,Bay,12/31/2018,323,272,50,1,0,0,0,126,54,37,0,0,189,0,134,0
Florida,Brevard,12/31/2018,365,330,34,1,0,0,0,129,50,37,0,0,284,0,81,0
Florida,Broward,12/31/2018,365,291,74,0,0,0,0,100,57,40,0,10,162,0,193,0
Florida,Citrus,12/31/2018,359,321,38,0,0,0,0,71,51,32,0,0,0,20,339,0
Florida,Collier,12/31/2018,365,320,45,0,0,0,0,80,54,36,0,0,246,0,119,0
Florida,Columbia,12/31/2018,359,315,43,1,0,0,0,111,53,34,0,0,218,0,141,0
Florida,Duval,12/31/2018,365,274,86,4,1,0,0,155,63,41,0,1,149,0,200,15
Florida,Escambia,12/31/2018,365,318,47,0,0,0,0,93,54,37,0,0,342,0,23,0
Florida,Flagler,12/31/2018,345,330,15,0,0,0,0,77,47,32,0,0,345,0,0,0
Florida,Hamilton,12/31/2018,359,330,29,0,0,0,0,65,48,31,0,0,0,52,307,0
Florida,Highlands,12/31/2018,351,337,13,1,0,0,0,108,47,31,0,0,351,0,0,0
Florida,Hillsborough,12/31/2018,365,254,107,4,0,0,0,122,61,42,0,0,166,14,183,2
Florida,Holmes,12/31/2018,346,299,47,0,0,0,0,79,52,35,0,0,196,0,150,0
Florida,Indian River,12/31/2018,356,325,30,1,0,0,0,101,49,36,0,0,356,0,0,0
Florida,Lake,12/31/2018,363,331,31,1,0,0,0,101,49,33,0,0,363,0,0,0
Florida,Lee,12/31/2018,365,316,48,1,0,0,0,106,53,35,0,0,294,0,71,0
Florida,Leon,12/31/2018,355,286,69,0,0,0,0,97,56,36,0,0,149,0,206,0
Florida,Liberty,12/31/2018,284,273,11,0,0,0,0,71,47,31,0,0,284,0,0,0
Florida,Manatee,12/31/2018,365,330,33,2,0,0,0,119,50,34,0,0,365,0,0,0
Florida,Marion,12/31/2018,365,325,40,0,0,0,0,90,51,35,0,0,229,0,136,0
Florida,Martin,12/31/2018,365,329,35,1,0,0,0,112,50,37,0,0,232,0,133,0
Florida,Miami-Dade,12/31/2018,365,294,67,4,0,0,0,126,58,41,0,17,139,0,208,1
Florida,Nassau,12/31/2018,354,325,27,2,0,0,0,106,48,30,0,0,0,95,259,0
Florida,Okaloosa,12/31/2018,353,325,28,0,0,0,0,80,49,33,0,0,345,0,0,8
Florida,Orange,12/31/2018,365,321,42,1,1,0,0,151,52,36,0,0,285,0,80,0
Florida,Osceola,12/31/2018,365,330,33,2,0,0,0,126,50,33,0,0,365,0,0,0
Florida,Palm Beach,12/31/2018,365,314,51,0,0,0,0,91,52,38,0,0,219,0,132,14
Florida,Pasco,12/31/2018,365,324,39,2,0,0,0,129,54,35,0,0,365,0,0,0
Florida,Pinellas,12/31/2018,365,311,54,0,0,0,0,100,54,38,0,0,220,0,142,3
Florida,Polk,12/31/2018,365,324,39,2,0,0,0,112,52,35,0,0,275,1,89,0
Florida,Putnam,12/31/2018,345,344,1,0,0,0,0,51,23,14,0,0,0,49,0,296
Florida,Santa Rosa,12/31/2018,363,308,55,0,0,0,0,90,54,38,0,0,221,0,142,0
Florida,Sarasota,12/31/2018,365,306,59,0,0,0,0,97,55,37,0,0,231,0,134,0
Florida,Seminole,12/31/2018,365,324,39,2,0,0,0,150,54,36,0,0,303,0,62,0
Florida,St. Lucie,12/31/2018,360,342,18,0,0,0,0,100,47,33,0,0,360,0,0,0
Florida,Volusia,12/31/2018,365,329,36,0,0,0,0,80,50,36,0,0,274,0,91,0
Florida,Wakulla,12/31/2018,353,304,49,0,0,0,0,98,54,34,3,0,224,0,126,0
Georgia,Bibb,12/31/2018,365,311,53,1,0,0,0,106,56,35,0,0,168,3,194,0
Georgia,Charlton,12/31/2018,114,113,1,0,0,0,0,60,34,20,0,0,0,0,114,0
Georgia,Chatham,12/31/2018,365,305,60,0,0,0,0,82,54,37,0,0,105,37,223,0
Georgia,Chattooga,12/31/2018,245,224,21,0,0,0,0,87,50,35,0,0,245,0,0,0
Georgia,Clarke,12/31/2018,332,262,68,2,0,0,0,105,58,39,0,0,151,0,181,0
Georgia,Clayton,12/31/2018,120,101,19,0,0,0,0,67,54,33,0,0,0,0,120,0
Georgia,Cobb,12/31/2018,286,234,52,0,0,0,0,100,58,39,0,0,225,0,61,0
Georgia,Coffee,12/31/2018,116,112,4,0,0,0,0,65,37,22,0,0,0,0,116,0
Georgia,Columbia,12/31/2018,245,223,22,0,0,0,0,90,50,36,0,0,245,0,0,0
Georgia,Dawson,12/31/2018,245,222,21,2,0,0,0,108,50,35,0,0,245,0,0,0
Georgia,DeKalb,12/31/2018,365,277,88,0,0,0,0,100,58,40,0,36,147,0,182,0
Georgia,Dougherty,12/31/2018,357,293,63,1,0,0,0,137,57,30,0,0,0,0,357,0
Georgia,Douglas,12/31/2018,242,214,28,0,0,0,0,93,51,37,0,0,242,0,0,0
Georgia,Floyd,12/31/2018,364,257,107,0,0,0,0,80,59,38,0,0,0,32,332,0
Georgia,Fulton,12/31/2018,365,232,129,4,0,0,0,133,66,44,1,35,114,0,215,0
Georgia,Glynn,12/31/2018,272,255,17,0,0,0,0,74,46,34,0,0,225,0,47,0
Georgia,Gwinnett,12/31/2018,361,245,116,0,0,0,0,87,62,43,0,0,122,0,239,0
Georgia,Hall,12/31/2018,322,282,40,0,0,0,0,68,52,30,0,0,0,0,322,0
Georgia,Henry,12/31/2018,354,293,58,3,0,0,0,115,58,34,0,0,187,0,167,0
Georgia,Houston,12/31/2018,322,259,61,2,0,0,0,108,58,34,0,0,0,0,322,0
Georgia,Lowndes,12/31/2018,315,264,51,0,0,0,0,93,54,37,0,0,0,0,315,0
Georgia,Murray,12/31/2018,271,241,30,0,0,0,0,100,51,37,0,0,222,0,49,0
Georgia,Muscogee,12/31/2018,364,305,59,0,0,0,0,98,55,34,0,0,178,0,186,0
Georgia,Pike,12/31/2018,288,274,13,1,0,0,0,115,46,33,0,0,288,0,0,0
Georgia,Richmond,12/31/2018,364,261,97,6,0,0,0,150,59,40,0,0,106,26,223,9
Georgia,Rockdale,12/31/2018,243,200,41,2,0,0,0,112,61,36,0,0,243,0,0,0
Georgia,Sumter,12/31/2018,241,219,22,0,0,0,0,80,50,34,0,0,241,0,0,0
Georgia,Walker,12/31/2018,347,269,78,0,0,0,0,72,56,35,0,0,0,0,347,0
Georgia,Washington,12/31/2018,121,110,11,0,0,0,0,67,50,28,0,0,0,0,121,0
Hawaii,Hawaii,12/31/2018,365,127,68,66,99,5,0,249,200,87,0,0,0,221,144,0
Hawaii,Honolulu,12/31/2018,365,358,7,0,0,0,0,75,41,30,0,2,241,41,74,7
Hawaii,Kauai,12/31/2018,355,355,0,0,0,0,0,48,29,15,0,166,0,0,189,0
Hawaii,Maui,12/31/2018,361,357,4,0,0,0,0,73,29,19,0,0,0,0,361,0
Idaho,Ada,12/31/2018,365,283,75,7,0,0,0,134,69,40,3,0,267,0,91,4
Idaho,Bannock,12/31/2018,365,305,56,2,2,0,0,174,57,30,0,0,0,143,162,60
Idaho,Benewah,12/31/2018,361,219,129,11,2,0,0,161,78,42,0,0,0,0,361,0
Idaho,Blaine,12/31/2018,363,327,33,3,0,0,0,143,48,13,0,0,0,0,363,0
Idaho,Boise,12/31/2018,365,237,122,6,0,0,0,130,67,40,0,0,0,0,365,0
Idaho,Bonner,12/31/2018,363,308,39,11,4,1,0,245,60,29,0,0,0,0,318,45
Idaho,Bonneville,12/31/2018,352,306,43,2,1,0,0,154,55,27,0,0,0,0,352,0
Idaho,Butte,12/31/2018,363,313,47,3,0,0,0,115,54,40,0,0,354,0,9,0
Idaho,Canyon,12/31/2018,365,283,77,5,0,0,0,134,65,28,0,0,0,0,290,75
Idaho,Caribou,12/31/2018,363,362,1,0,0,0,0,55,17,3,0,0,0,363,0,0
Idaho,Custer,12/31/2018,90,85,3,2,0,0,0,128,19,5,0,0,0,0,90,0
Idaho,Franklin,12/31/2018,319,278,38,3,0,0,0,124,56,19,0,0,0,0,319,0
Idaho,Idaho,12/31/2018,365,297,66,2,0,0,0,134,60,39,0,0,231,0,134,0
Idaho,Jerome,12/31/2018,320,287,28,5,0,0,0,145,51,18,0,0,0,0,320,0
Idaho,Kootenai,12/31/2018,331,272,49,5,4,1,0,204,60,25,0,0,0,0,331,0
Idaho,Latah,12/31/2018,365,339,20,5,1,0,0,176,40,10,0,0,0,0,365,0
Idaho,Lemhi,12/31/2018,360,260,97,3,0,0,0,121,70,29,0,0,0,0,360,0
Idaho,Nez Perce,12/31/2018,365,308,52,4,1,0,0,179,63,19,0,0,0,0,365,0
Idaho,Shoshone,12/31/2018,365,217,135,12,1,0,0,153,83,43,0,0,0,0,358,7
Idaho,Twin Falls,12/31/2018,355,313,37,3,2,0,0,151,55,29,0,0,0,0,355,0
Idaho,Valley,12/31/2018,353,297,54,2,0,0,0,108,58,22,0,0,0,0,353,0
Illinois,Adams,12/31/2018,245,228,17,0,0,0,0,87,49,35,0,0,245,0,0,0
Illinois,Champaign,12/31/2018,365,283,78,4,0,0,0,112,61,42,0,0,222,0,143,0
Illinois,Clark,12/31/2018,359,337,21,1,0,0,0,101,48,32,0,0,359,0,0,0
Illinois,Cook,12/31/2018,365,152,194,15,4,0,0,177,84,54,0,48,120,0,189,8
Illinois,DuPage,12/31/2018,361,231,126,4,0,0,0,112,69,45,0,0,135,0,226,0
Illinois,Effingham,12/31/2018,245,214,30,1,0,0,0,112,51,39,0,0,245,0,0,0
Illinois,Hamilton,12/31/2018,362,284,75,3,0,0,0,105,59,40,0,0,170,0,192,0
Illinois,Jersey,12/31/2018,356,277,76,3,0,0,0,122,64,42,0,0,195,0,161,0
Illinois,Jo Daviess,12/31/2018,344,323,19,2,0,0,0,119,47,33,0,0,344,0,0,0
Illinois,Kane,12/31/2018,364,294,65,5,0,0,0,122,61,38,0,0,310,0,54,0
Illinois,La Salle,12/31/2018,362,360,2,0,0,0,0,62,6,1,0,0,0,362,0,0
Illinois,Lake,12/31/2018,352,304,40,6,2,0,0,164,58,35,0,0,352,0,0,0
Illinois,Macon,12/31/2018,365,172,179,14,0,0,0,126,80,51,0,0,98,103,164,0
Illinois,Macoupin,12/31/2018,364,331,30,3,0,0,0,115,50,34,0,88,244,32,0,0
Illinois,Madison,12/31/2018,365,221,134,8,2,0,0,154,72,46,0,0,206,0,152,7
Illinois,McHenry,12/31/2018,362,256,98,8,0,0,0,122,70,42,0,0,240,0,122,0
Illinois,McLean,12/31/2018,365,248,116,1,0,0,0,108,64,44,0,0,167,0,198,0
Illinois,Monroe,12/31/2018,365,365,0,0,0,0,0,41,9,3,0,0,0,365,0,0
Illinois,Peoria,12/31/2018,365,255,107,3,0,0,0,101,64,43,0,0,192,0,173,0
Illinois,Randolph,12/31/2018,363,289,73,1,0,0,0,129,57,41,0,0,185,0,178,0
Illinois,Rock Island,12/31/2018,365,279,85,1,0,0,0,101,59,40,0,0,231,0,134,0
Illinois,Saint Clair,12/31/2018,364,265,94,4,1,0,0,174,64,44,2,21,146,0,195,0
Illinois,Sangamon,12/31/2018,363,253,109,1,0,0,0,122,63,43,0,0,197,0,166,0
Illinois,Tazewell,12/31/2018,137,137,0,0,0,0,0,27,4,1,0,0,0,137,0,0
Illinois,Wabash,12/31/2018,363,359,4,0,0,0,0,61,14,1,0,0,0,363,0,0
Illinois,Will,12/31/2018,365,261,100,4,0,0,0,126,67,43,0,0,216,0,149,0
Illinois,Winnebago,12/31/2018,362,316,43,2,1,0,0,151,54,35,0,0,346,0,16,0
Indiana,Allen,12/31/2018,365,258,101,6,0,0,0,122,66,43,0,0,216,0,149,0
Indiana,Bartholomew,12/31/2018,365,290,71,4,0,0,0,108,61,40,0,0,242,0,123,0
Indiana,Boone,12/31/2018,365,324,36,5,0,0,0,112,54,34,0,0,365,0,0,0
Indiana,Brown,12/31/2018,363,339,24,0,0,0,0,97,48,33,0,0,363,0,0,0
Indiana,Carroll,12/31/2018,359,337,19,3,0,0,0,115,48,32,0,0,359,0,0,0
Indiana,Clark,12/31/2018,357,297,56,4,0,0,0,122,59,36,0,0,305,0,52,0
Indiana,Daviess,12/31/2018,325,325,0,0,0,0,0,21,6,0,0,0,0,325,0,0
Indiana,Delaware,12/31/2018,361,320,37,4,0,0,0,129,54,35,0,0,317,0,44,0
Indiana,Dubois,12/31/2018,119,96,23,0,0,0,0,87,58,31,0,0,0,0,116,3
Indiana,Elkhart,12/31/2018,363,285,75,3,0,0,0,105,58,38,0,0,194,0,169,0
Indiana,Floyd,12/31/2018,359,316,38,5,0,0,0,143,52,34,0,0,323,13,23,0
Indiana,Gibson,12/31/2018,363,353,10,0,0,0,0,84,23,1,0,0,0,363,0,0
Indiana,Greene,12/31/2018,361,310,48,3,0,0,0,129,56,37,0,0,322,0,39,0
Indiana,Hamilton,12/31/2018,365,292,67,6,0,0,0,129,59,40,0,0,227,0,138,0
Indiana,Hendricks,12/31/2018,365,335,28,2,0,0,0,108,48,33,0,0,365,0,0,0
Indiana,Henry,12/31/2018,116,100,15,1,0,0,0,111,55,31,0,0,0,0,116,0
Indiana,Howard,12/31/2018,365,293,67,5,0,0,0,108,58,39,0,0,214,0,151,0
Indiana,Huntington,12/31/2018,358,337,21,0,0,0,0,97,46,31,0,0,358,0,0,0
Indiana,Jackson,12/31/2018,341,321,20,0,0,0,0,90,47,32,0,0,341,0,0,0
Indiana,Knox,12/31/2018,357,311,42,4,0,0,0,122,54,35,0,0,357,0,0,0
Indiana,LaPorte,12/31/2018,363,305,51,6,1,0,0,161,61,36,0,0,335,0,28,0
Indiana,Lake,12/31/2018,365,217,142,5,1,0,0,151,66,45,0,15,113,1,227,9
Indiana,Madison,12/31/2018,365,273,85,7,0,0,0,136,59,41,0,0,211,0,154,0
Indiana,Marion,12/31/2018,365,192,162,10,1,0,0,156,70,49,0,6,124,0,235,0
Indiana,Monroe,12/31/2018,335,255,80,0,0,0,0,97,58,36,0,0,0,0,335,0
Indiana,Morgan,12/31/2018,365,328,34,3,0,0,0,110,51,34,0,0,342,23,0,0
Indiana,Perry,12/31/2018,350,324,26,0,0,0,0,80,50,35,0,0,350,0,0,0
Indiana,Pike,12/31/2018,361,361,0,0,0,0,0,33,9,1,0,0,0,361,0,0
Indiana,Porter,12/31/2018,365,274,86,4,1,0,0,161,62,41,0,0,211,9,129,16
Indiana,Posey,12/31/2018,360,326,34,0,0,0,0,100,50,34,0,0,360,0,0,0
Indiana,Shelby,12/31/2018,361,331,25,5,0,0,0,112,49,34,0,0,361,0,0,0
Indiana,Spencer,12/31/2018,121,96,25,0,0,0,0,85,56,31,0,0,0,0,121,0
Indiana,St. Joseph,12/31/2018,365,248,110,7,0,0,0,133,64,42,0,3,183,0,179,0
Indiana,Sullivan,12/31/2018,181,145,36,0,0,0,0,91,57,33,0,0,0,0,181,0
Indiana,Tippecanoe,12/31/2018,345,285,60,0,0,0,0,78,54,34,0,0,0,0,345,0
Indiana,Vanderburgh,12/31/2018,365,261,101,3,0,0,0,143,63,41,0,0,199,0,166,0
Indiana,Vigo,12/31/2018,365,251,111,3,0,0,0,115,64,42,0,0,202,0,163,0
Indiana,Wabash,12/31/2018,362,315,42,5,0,0,0,129,54,35,0,0,362,0,0,0
Indiana,Warrick,12/31/2018,365,324,38,3,0,0,0,126,51,35,0,0,365,0,0,0
Indiana,Whitley,12/31/2018,348,294,54,0,0,0,0,81,54,31,0,0,0,0,348,0
Iowa,Black Hawk,12/31/2018,365,245,120,0,0,0,0,82,61,42,0,0,0,0,365,0
Iowa,Bremer,12/31/2018,245,224,19,2,0,0,0,112,50,37,0,0,245,0,0,0
Iowa,Cerro Gordo,12/31/2018,115,115,0,0,0,0,0,46,31,16,0,0,0,0,0,115
Iowa,Clinton,12/31/2018,365,244,121,0,0,0,0,100,64,43,0,0,145,2,218,0
Iowa,Harrison,12/31/2018,245,213,30,2,0,0,0,101,58,39,0,0,245,0,0,0
Iowa,Johnson,12/31/2018,362,287,75,0,0,0,0,92,56,38,0,0,0,0,362,0
Iowa,Lee,12/31/2018,121,99,22,0,0,0,0,76,56,34,0,0,0,0,121,0
Iowa,Linn,12/31/2018,365,249,112,4,0,0,0,129,64,44,0,0,150,3,211,1
Iowa,Montgomery,12/31/2018,365,283,82,0,0,0,0,93,60,39,0,0,149,0,216,0
Iowa,Muscatine,12/31/2018,365,249,116,0,0,0,0,95,62,41,0,0,0,3,361,1
Iowa,Palo Alto,12/31/2018,365,263,100,2,0,0,0,115,62,42,0,0,160,0,205,0
Iowa,Polk,12/31/2018,365,284,79,2,0,0,0,112,60,40,0,5,225,0,135,0
Iowa,Pottawattamie,12/31/2018,124,100,23,1,0,0,0,102,56,33,0,0,0,0,114,10
Iowa,Scott,12/31/2018,365,173,188,4,0,0,0,108,69,52,0,1,66,0,204,94
Iowa,Van Buren,12/31/2018,359,281,78,0,0,0,0,100,58,38,0,0,178,0,180,1
Iowa,Woodbury,12/31/2018,122,108,14,0,0,0,0,92,53,33,0,0,0,0,122,0
Kansas,Chase,12/31/2018,116,110,6,0,0,0,0,63,43,23,0,0,0,0,116,0
Kansas,Ford,12/31/2018,354,325,28,1,0,0,0,129,41,17,0,0,0,0,0,354
Kansas,Johnson,12/31/2018,363,299,64,0,0,0,0,91,59,36,0,0,274,0,89,0
Kansas,Leavenworth,12/31/2018,362,325,37,0,0,0,0,100,51,33,0,0,362,0,0,0
Kansas,Neosho,12/31/2018,359,307,52,0,0,0,0,87,54,37,0,0,303,0,50,6
Kansas,Sedgwick,12/31/2018,365,269,96,0,0,0,0,100,62,41,0,18,231,0,55,61
Kansas,Shawnee,12/31/2018,365,272,93,0,0,0,0,99,63,42,0,0,181,0,184,0
Kansas,Sherman,12/31/2018,350,344,6,0,0,0,0,91,31,14,0,0,0,0,0,350
Kansas,Sumner,12/31/2018,365,314,51,0,0,0,0,90,56,36,0,1,312,0,36,16
Kansas,Trego,12/31/2018,365,300,64,1,0,0,0,130,60,38,0,1,324,1,38,1
Kansas,Wyandotte,12/31/2018,365,254,108,2,1,0,0,172,68,42,0,19,180,0,165,1
Kentucky,Bell,12/31/2018,256,231,25,0,0,0,0,84,50,39,0,0,226,0,30,0
Kentucky,Boone,12/31/2018,243,218,23,1,1,0,0,151,51,38,0,0,243,0,0,0
Kentucky,Boyd,12/31/2018,365,307,57,1,0,0,0,119,55,38,0,14,159,2,190,0
Kentucky,Bullitt,12/31/2018,233,196,35,2,0,0,0,150,58,38,0,0,233,0,0,0
Kentucky,Campbell,12/31/2018,352,281,70,1,0,0,0,101,56,39,0,11,160,3,178,0
Kentucky,Carter,12/31/2018,281,259,22,0,0,0,0,80,49,33,0,0,217,0,64,0
Kentucky,Christian,12/31/2018,280,241,39,0,0,0,0,90,54,39,0,0,213,0,67,0
Kentucky,Daviess,12/31/2018,357,272,84,1,0,0,0,112,58,40,0,17,144,4,192,0
Kentucky,Edmonson,12/31/2018,365,301,64,0,0,0,0,100,58,38,1,0,195,1,168,0
Kentucky,Fayette,12/31/2018,365,272,93,0,0,0,0,87,59,40,0,13,111,1,239,1
Kentucky,Greenup,12/31/2018,360,340,19,1,0,0,0,119,46,30,0,0,238,122,0,0
Kentucky,Hancock,12/31/2018,125,115,10,0,0,0,0,97,48,38,0,0,125,0,0,0
Kentucky,Hardin,12/31/2018,361,269,92,0,0,0,0,100,61,40,0,0,121,0,240,0
Kentucky,Henderson,12/31/2018,365,239,113,13,0,0,0,120,77,43,0,0,122,51,192,0
Kentucky,Jefferson,12/31/2018,365,208,149,6,2,0,0,166,76,47,0,18,144,0,203,0
Kentucky,Jessamine,12/31/2018,356,326,30,0,0,0,0,90,50,32,0,0,237,119,0,0
Kentucky,Livingston,12/31/2018,257,226,31,0,0,0,0,97,54,39,0,0,240,0,0,17
Kentucky,McCracken,12/31/2018,364,252,112,0,0,0,0,100,60,42,0,1,133,0,230,0
Kentucky,Morgan,12/31/2018,364,337,27,0,0,0,0,80,48,34,0,0,364,0,0,0
Kentucky,Oldham,12/31/2018,243,214,28,1,0,0,0,108,54,38,0,0,243,0,0,0
Kentucky,Perry,12/31/2018,364,289,75,0,0,0,0,80,56,38,0,0,122,0,242,0
Kentucky,Pike,12/31/2018,359,319,40,0,0,0,0,84,52,35,0,0,146,0,213,0
Kentucky,Pulaski,12/31/2018,282,243,39,0,0,0,0,74,54,38,0,0,218,0,64,0
Kentucky,Simpson,12/31/2018,243,212,31,0,0,0,0,93,51,38,0,0,243,0,0,0
Kentucky,Trigg,12/31/2018,348,324,24,0,0,0,0,87,48,35,0,0,348,0,0,0
Kentucky,Warren,12/31/2018,352,274,78,0,0,0,0,95,58,39,0,0,103,0,249,0
Kentucky,Washington,12/31/2018,359,326,33,0,0,0,0,77,50,35,0,0,359,0,0,0
Louisiana,Ascension,12/31/2018,364,325,36,3,0,0,0,122,51,31,0,7,357,0,0,0
Louisiana,Bossier,12/31/2018,365,308,57,0,0,0,0,96,61,35,0,0,288,0,73,4
Louisiana,Caddo,12/31/2018,361,288,71,2,0,0,0,128,61,37,0,0,291,0,70,0
Louisiana,Calcasieu,12/31/2018,365,236,123,6,0,0,0,108,67,44,0,4,111,7,243,0
Louisiana,East Baton Rouge,12/31/2018,365,250,104,11,0,0,0,126,70,42,0,6,159,5,194,1
Louisiana,Iberville,12/31/2018,365,294,63,7,1,0,0,153,64,36,0,1,324,0,40,0
Louisiana,Jefferson,12/31/2018,365,274,90,1,0,0,0,101,64,40,0,5,168,0,192,0
Louisiana,Lafayette,12/31/2018,365,269,96,0,0,0,0,97,62,40,0,0,197,0,168,0
Louisiana,Lafourche,12/31/2018,362,323,39,0,0,0,0,90,51,36,0,0,259,0,103,0
Louisiana,Livingston,12/31/2018,365,284,81,0,0,0,0,100,61,39,0,0,195,0,170,0
Louisiana,Orleans,12/31/2018,365,299,66,0,0,0,0,85,58,35,0,44,0,0,315,6
Louisiana,Ouachita,12/31/2018,363,338,25,0,0,0,0,100,46,32,0,0,313,0,50,0
Louisiana,Pointe Coupee,12/31/2018,356,324,32,0,0,0,0,97,48,31,0,0,356,0,0,0
Louisiana,Rapides,12/31/2018,119,102,17,0,0,0,0,91,56,31,0,0,0,0,119,0
Louisiana,St. Bernard,12/31/2018,365,245,117,3,0,0,0,112,63,42,0,0,182,8,174,1
Louisiana,St. Charles,12/31/2018,365,352,12,1,0,0,0,110,27,4,0,0,0,365,0,0
Louisiana,St. James,12/31/2018,365,351,14,0,0,0,0,93,44,27,0,0,364,1,0,0
Louisiana,St. John the Baptist,12/31/2018,359,336,22,1,0,0,0,108,48,31,0,0,359,0,0,0
Louisiana,St. Martin,12/31/2018,352,321,31,0,0,0,0,97,50,33,0,0,352,0,0,0
Louisiana,St. Tammany,12/31/2018,365,312,52,1,0,0,0,101,58,35,0,0,268,0,97,0
Louisiana,Tangipahoa,12/31/2018,125,110,15,0,0,0,0,78,53,28,0,0,0,0,125,0
Louisiana,Terrebonne,12/31/2018,119,108,11,0,0,0,0,70,49,27,0,0,0,0,119,0
Louisiana,West Baton Rouge,12/31/2018,365,270,92,3,0,0,0,129,61,38,0,10,149,4,202,0
Maine,Androscoggin,12/31/2018,361,336,25,0,0,0,0,84,47,31,0,0,190,0,169,2
Maine,Aroostook,12/31/2018,365,316,47,0,2,0,0,170,55,37,0,0,219,0,145,1
Maine,Cumberland,12/31/2018,365,318,47,0,0,0,0,100,54,37,0,13,243,0,107,2
Maine,Hancock,12/31/2018,365,339,25,1,0,0,0,122,49,37,0,0,355,0,10,0
Maine,Kennebec,12/31/2018,360,344,16,0,0,0,0,90,46,30,0,114,217,1,25,3
Maine,Knox,12/31/2018,219,209,9,1,0,0,0,112,45,36,0,0,219,0,0,0
Maine,Oxford,12/31/2018,354,310,44,0,0,0,0,97,53,34,0,0,176,0,178,0
Maine,Penobscot,12/31/2018,365,337,28,0,0,0,0,97,49,32,0,0,197,0,164,4
Maine,Washington,12/31/2018,339,327,11,1,0,0,0,122,46,36,0,0,327,0,12,0
Maine,York,12/31/2018,227,207,18,2,0,0,0,119,49,40,0,0,227,0,0,0
Maryland,Allegany,12/31/2018,365,289,49,24,3,0,0,200,85,13,0,0,0,365,0,0
Maryland,Anne Arundel,12/31/2018,346,272,65,9,0,0,0,140,71,35,0,0,237,95,0,14
Maryland,Baltimore,12/31/2018,365,270,90,5,0,0,0,115,65,42,0,15,228,0,122,0
Maryland,Baltimore (City),12/31/2018,364,246,110,8,0,0,0,129,71,43,0,25,151,0,188,0
Maryland,Calvert,12/31/2018,243,209,33,1,0,0,0,147,58,39,0,0,243,0,0,0
Maryland,Carroll,12/31/2018,240,199,41,0,0,0,0,97,61,41,0,0,240,0,0,0
Maryland,Cecil,12/31/2018,358,277,74,7,0,0,0,129,61,40,0,0,160,0,198,0
Maryland,Charles,12/31/2018,235,202,32,1,0,0,0,133,54,39,0,0,235,0,0,0
Maryland,Dorchester,12/31/2018,365,305,58,1,1,0,0,151,59,38,0,0,314,0,51,0
Maryland,Frederick,12/31/2018,245,204,41,0,0,0,0,100,61,41,0,0,245,0,0,0
Maryland,Garrett,12/31/2018,362,319,43,0,0,0,0,97,52,37,0,0,313,0,49,0
Maryland,Harford,12/31/2018,358,281,67,10,0,0,0,150,64,39,0,0,226,0,132,0
Maryland,Howard,12/31/2018,365,290,75,0,0,0,0,75,56,35,0,77,0,0,288,0
Maryland,Kent,12/31/2018,361,292,66,3,0,0,0,119,61,39,0,0,224,0,137,0
Maryland,Montgomery,12/31/2018,347,265,81,1,0,0,0,112,59,42,0,0,185,0,162,0
Maryland,Prince George's,12/31/2018,365,272,85,7,1,0,0,166,68,39,0,4,288,0,73,0
Maryland,Washington,12/31/2018,356,288,68,0,0,0,0,93,61,38,0,0,200,0,156,0
Massachusetts,Barnstable,12/31/2018,360,338,18,4,0,0,0,133,46,36,0,0,355,0,5,0
Massachusetts,Berkshire,12/31/2018,365,284,80,1,0,0,0,122,58,33,0,0,80,0,285,0
Massachusetts,Bristol,12/31/2018,365,304,51,10,0,0,0,133,56,40,0,0,276,0,89,0
Massachusetts,Dukes,12/31/2018,360,332,25,3,0,0,0,108,49,37,0,0,352,0,8,0
Massachusetts,Essex,12/31/2018,365,314,47,4,0,0,0,115,55,38,0,4,260,0,101,0
Massachusetts,Franklin,12/31/2018,365,325,40,0,0,0,0,100,52,36,0,0,280,0,85,0
Massachusetts,Hampden,12/31/2018,365,285,78,2,0,0,0,126,59,38,0,19,232,0,114,0
Massachusetts,Hampshire,12/31/2018,363,314,47,2,0,0,0,122,54,37,0,5,258,0,100,0
Massachusetts,Middlesex,12/31/2018,365,333,32,0,0,0,0,97,49,35,0,7,269,0,89,0
Massachusetts,Norfolk,12/31/2018,353,337,15,1,0,0,0,105,45,32,0,19,334,0,0,0
Massachusetts,Plymouth,12/31/2018,364,324,37,3,0,0,0,126,51,36,0,0,279,0,85,0
Massachusetts,Suffolk,12/31/2018,365,238,126,1,0,0,0,108,61,44,0,13,58,0,294,0
Massachusetts,Worcester,12/31/2018,365,306,55,4,0,0,0,129,57,38,0,8,273,0,84,0
Michigan,Allegan,12/31/2018,286,232,46,8,0,0,0,150,64,40,0,0,229,0,57,0
Michigan,Bay,12/31/2018,356,321,35,0,0,0,0,83,50,28,0,0,0,0,356,0
Michigan,Benzie,12/31/2018,250,218,30,1,1,0,0,154,54,38,0,0,250,0,0,0
Michigan,Berrien,12/31/2018,245,208,29,8,0,0,0,126,61,40,0,0,245,0,0,0
Michigan,Cass,12/31/2018,240,202,31,7,0,0,0,126,64,40,0,0,240,0,0,0
Michigan,Chippewa,12/31/2018,271,229,42,0,0,0,0,70,54,34,0,0,111,0,160,0
Michigan,Clinton,12/31/2018,244,213,27,4,0,0,0,143,64,39,0,0,244,0,0,0
Michigan,Genesee,12/31/2018,362,291,68,3,0,0,0,122,62,38,0,0,214,0,148,0
Michigan,Huron,12/31/2018,241,212,26,3,0,0,0,122,54,38,0,0,241,0,0,0
Michigan,Ingham,12/31/2018,342,284,56,2,0,0,0,147,56,37,0,0,191,0,151,0
Michigan,Kalamazoo,12/31/2018,356,282,70,4,0,0,0,115,61,40,0,0,170,0,186,0
Michigan,Kent,12/31/2018,365,298,63,4,0,0,0,115,61,39,0,0,229,0,136,0
Michigan,Keweenaw,12/31/2018,114,112,2,0,0,0,0,61,28,9,0,0,0,0,114,0
Michigan,Lenawee,12/31/2018,344,275,65,4,0,0,0,115,66,38,0,0,221,0,123,0
Michigan,Macomb,12/31/2018,299,244,45,10,0,0,0,143,68,39,0,0,249,0,50,0
Michigan,Manistee,12/31/2018,265,236,28,1,0,0,0,112,53,33,0,0,206,0,59,0
Michigan,Mason,12/31/2018,252,226,25,1,0,0,0,133,51,37,0,0,252,0,0,0
Michigan,Missaukee,12/31/2018,365,328,37,0,0,0,0,97,51,36,0,2,339,0,24,0
Michigan,Monroe,12/31/2018,365,364,1,0,0,0,0,59,11,1,0,0,0,304,0,61
Michigan,Muskegon,12/31/2018,240,203,31,3,3,0,0,174,67,40,0,0,240,0,0,0
Michigan,Oakland,12/31/2018,278,217,52,8,1,0,0,151,67,40,0,0,220,0,58,0
Michigan,Ottawa,12/31/2018,365,313,48,4,0,0,0,115,59,36,0,0,235,76,52,2
Michigan,Schoolcraft,12/31/2018,351,325,24,2,0,0,0,105,49,31,0,0,245,0,106,0
Michigan,St. Clair,12/31/2018,365,260,90,14,1,0,0,151,79,40,0,0,145,120,100,0
Michigan,Tuscola,12/31/2018,356,324,31,1,0,0,0,105,50,35,0,0,356,0,0,0
Michigan,Washtenaw,12/31/2018,365,281,78,6,0,0,0,150,66,40,0,0,234,0,131,0
Michigan,Wayne,12/31/2018,365,165,192,8,0,0,0,133,80,51,0,7,82,23,222,31
Michigan,Wexford,12/31/2018,356,330,24,2,0,0,0,122,49,35,0,0,356,0,0,0
Minnesota,Anoka,12/31/2018,365,278,86,1,0,0,0,115,63,40,0,6,216,0,142,1
Minnesota,Becker,12/31/2018,358,322,36,0,0,0,0,100,51,31,0,0,203,0,155,0
Minnesota,Beltrami,12/31/2018,352,327,24,1,0,0,0,106,41,23,0,0,0,0,352,0
Minnesota,Carlton,12/31/2018,354,330,24,0,0,0,0,93,45,26,0,0,159,0,195,0
Minnesota,Cass,12/31/2018,320,292,28,0,0,0,0,100,47,23,0,0,0,0,320,0
Minnesota,Cook,12/31/2018,353,341,12,0,0,0,0,65,31,18,0,0,0,0,353,0
Minnesota,Crow Wing,12/31/2018,348,311,36,1,0,0,0,107,52,27,0,0,167,0,181,0
Minnesota,Dakota,12/31/2018,365,310,55,0,0,0,0,91,54,31,0,64,0,0,301,0
Minnesota,Goodhue,12/31/2018,231,206,24,1,0,0,0,133,51,38,0,0,231,0,0,0
Minnesota,Hennepin,12/31/2018,365,228,136,1,0,0,0,104,64,44,4,12,60,0,159,130
Minnesota,Lake,12/31/2018,365,316,49,0,0,0,0,95,54,32,0,0,159,0,86,120
Minnesota,Lyon,12/31/2018,365,332,33,0,0,0,0,84,50,32,0,0,166,0,199,0
Minnesota,Mille Lacs,12/31/2018,126,114,12,0,0,0,0,74,49,30,0,0,126,0,0,0
Minnesota,Olmsted,12/31/2018,361,292,69,0,0,0,0,98,57,38,0,0,148,0,213,0
Minnesota,Ramsey,12/31/2018,365,288,76,1,0,0,0,111,60,34,0,0,0,0,324,41
Minnesota,Saint Louis,12/31/2018,365,308,55,2,0,0,0,109,57,35,0,0,281,0,74,10
Minnesota,Scott,12/31/2018,357,317,38,2,0,0,0,112,51,35,0,0,291,0,66,0
Minnesota,Stearns,12/31/2018,365,309,55,1,0,0,0,101,56,34,0,0,186,0,179,0
Minnesota,Washington,12/31/2018,365,231,134,0,0,0,0,100,65,44,0,0,81,1,215,68
Minnesota,Winona,12/31/2018,113,105,8,0,0,0,0,77,44,20,0,0,0,0,113,0
Minnesota,Wright,12/31/2018,365,306,56,3,0,0,0,122,60,37,0,0,203,0,162,0
Mississippi,Bolivar,12/31/2018,312,237,73,2,0,0,0,129,67,41,0,0,163,0,149,0
Mississippi,DeSoto,12/31/2018,365,273,89,2,1,0,0,159,60,40,0,0,127,0,238,0
Mississippi,Forrest,12/31/2018,359,284,74,1,0,0,0,119,57,37,0,0,0,0,359,0
Mississippi,Grenada,12/31/2018,105,97,8,0,0,0,0,80,48,27,0,0,0,0,105,0
Mississippi,Hancock,12/31/2018,363,311,51,1,0,0,0,102,55,35,0,0,168,0,195,0
Mississippi,Harrison,12/31/2018,364,294,67,3,0,0,0,115,60,38,0,0,171,0,193,0
Mississippi,Hinds,12/31/2018,365,255,109,1,0,0,0,112,67,44,0,1,146,0,218,0
Mississippi,Jackson,12/31/2018,363,287,74,2,0,0,0,105,58,38,0,1,166,1,195,0
Mississippi,Lauderdale,12/31/2018,237,206,31,0,0,0,0,87,54,37,0,0,237,0,0,0
Mississippi,Lee,12/31/2018,243,226,17,0,0,0,0,80,49,36,0,0,243,0,0,0
Mississippi,Yalobusha,12/31/2018,325,318,7,0,0,0,0,71,44,29,0,0,325,0,0,0
Missouri,Andrew,12/31/2018,245,186,58,1,0,0,0,112,74,42,0,0,245,0,0,0
Missouri,Boone,12/31/2018,245,208,36,1,0,0,0,105,54,40,0,0,245,0,0,0
Missouri,Buchanan,12/31/2018,363,291,72,0,0,0,0,74,55,36,0,0,0,0,304,59
Missouri,Callaway,12/31/2018,245,210,35,0,0,0,0,90,58,40,0,0,245,0,0,0
Missouri,Cass,12/31/2018,364,292,72,0,0,0,0,97,58,38,0,0,211,0,153,0
Missouri,Cedar,12/31/2018,363,284,79,0,0,0,0,84,58,39,0,0,180,0,183,0
Missouri,Clay,12/31/2018,363,276,76,11,0,0,0,147,67,39,0,0,220,0,143,0
Missouri,Clinton,12/31/2018,245,192,51,2,0,0,0,143,71,42,0,0,245,0,0,0
Missouri,Franklin,12/31/2018,365,361,4,0,0,0,0,76,19,3,0,0,0,365,0,0
Missouri,Greene,12/31/2018,365,294,71,0,0,0,0,93,56,39,0,0,198,0,161,6
Missouri,Iron,12/31/2018,365,341,23,1,0,0,0,105,46,21,0,0,0,365,0,0
Missouri,Jackson,12/31/2018,365,307,58,0,0,0,0,74,54,36,0,60,0,0,256,49
Missouri,Jasper,12/31/2018,365,304,61,0,0,0,0,95,54,36,0,0,226,0,0,139
Missouri,Jefferson,12/31/2018,365,296,63,6,0,0,0,119,61,36,0,0,197,24,115,29
Missouri,Lincoln,12/31/2018,245,209,33,3,0,0,0,143,67,41,0,0,245,0,0,0
Missouri,Monroe,12/31/2018,365,336,28,1,0,0,0,105,49,35,0,0,365,0,0,0
Missouri,New Madrid,12/31/2018,365,272,26,41,26,0,0,200,136,4,0,0,0,365,0,0
Missouri,Perry,12/31/2018,245,208,36,1,0,0,0,126,61,39,0,0,245,0,0,0
Missouri,Saint Charles,12/31/2018,365,309,48,8,0,0,0,147,61,36,0,0,242,123,0,0
Missouri,Saint Louis,12/31/2018,365,243,116,6,0,0,0,119,71,44,0,26,175,0,164,0
Missouri,Sainte Genevieve,12/31/2018,245,210,35,0,0,0,0,97,58,40,0,0,245,0,0,0
Missouri,St. Louis City,12/31/2018,365,204,151,9,1,0,0,182,71,48,0,21,137,0,189,18
Missouri,Stoddard,12/31/2018,117,106,11,0,0,0,0,67,46,24,0,0,0,0,117,0
Missouri,Taney,12/31/2018,119,109,10,0,0,0,0,75,47,21,0,0,0,0,119,0
Montana,Cascade,12/31/2018,360,329,25,5,1,0,0,162,49,25,0,0,0,0,360,0
Montana,Fergus,12/31/2018,365,325,34,5,1,0,0,158,51,40,0,0,327,0,37,1
Montana,Flathead,12/31/2018,365,268,81,11,5,0,0,182,66,41,0,0,186,0,160,19
Montana,Gallatin,12/31/2018,365,323,36,5,1,0,0,153,52,25,0,8,0,0,357,0
Montana,Lake,12/31/2018,118,113,2,3,0,0,0,117,36,8,0,0,0,0,118,0
Montana,Lewis and Clark,12/31/2018,365,284,71,7,3,0,0,164,66,43,0,0,253,0,112,0
Montana,Lincoln,12/31/2018,365,203,142,8,12,0,0,177,77,47,0,0,0,0,362,3
Montana,Missoula,12/31/2018,365,198,163,3,1,0,0,153,78,48,0,0,102,0,260,3
Montana,Phillips,12/31/2018,360,326,30,3,1,0,0,158,50,36,0,1,311,0,48,0
Montana,Powder River,12/31/2018,362,288,70,4,0,0,0,117,65,38,0,0,265,0,79,18
Montana,Powell,12/31/2018,113,107,6,0,0,0,0,92,34,9,0,0,0,0,113,0
Montana,Ravalli,12/31/2018,351,298,53,0,0,0,0,89,57,18,0,0,0,0,351,0
Montana,Richland,12/31/2018,364,307,56,1,0,0,0,139,58,40,0,0,322,0,41,1
Montana,Roosevelt,12/31/2018,105,95,8,2,0,0,0,134,41,13,0,0,0,0,105,0
Montana,Rosebud,12/31/2018,361,331,28,2,0,0,0,133,49,38,0,0,301,0,57,3
Montana,Sanders,12/31/2018,365,297,54,14,0,0,0,148,70,28,0,0,0,0,341,24
Montana,Sheridan,12/31/2018,112,104,7,1,0,0,0,118,40,15,0,0,0,0,112,0
Montana,Silver Bow,12/31/2018,363,308,54,1,0,0,0,120,56,20,0,0,0,0,200,163
Montana,Yellowstone,12/31/2018,364,317,44,2,1,0,0,154,54,27,0,0,0,26,338,0
Nebraska,Cass,12/31/2018,337,332,5,0,0,0,0,57,31,15,0,0,0,0,0,337
Nebraska,Douglas,12/31/2018,365,258,103,4,0,0,0,108,64,43,0,0,191,12,150,12
Nebraska,Hall,12/31/2018,111,104,7,0,0,0,0,68,45,23,0,0,0,0,111,0
Nebraska,Knox,12/31/2018,357,329,28,0,0,0,0,93,48,34,0,0,357,0,0,0
Nebraska,Lancaster,12/31/2018,365,330,35,0,0,0,0,78,50,31,0,0,229,77,59,0
Nebraska,Sarpy,12/31/2018,349,287,62,0,0,0,0,93,56,35,0,0,0,0,349,0
Nebraska,Scotts Bluff,12/31/2018,116,108,8,0,0,0,0,71,45,22,0,0,0,0,116,0
Nebraska,Thomas,12/31/2018,114,109,5,0,0,0,0,76,35,16,0,0,0,0,114,0
Nebraska,Washington,12/31/2018,116,103,13,0,0,0,0,94,52,29,0,0,0,0,116,0
Nevada,Carson City,12/31/2018,365,269,88,5,3,0,0,160,64,44,0,0,311,0,54,0
Nevada,Churchill,12/31/2018,332,256,71,5,0,0,0,129,67,44,0,0,332,0,0,0
Nevada,Clark,12/31/2018,365,122,194,48,1,0,0,154,108,61,0,50,226,0,76,13
Nevada,Douglas,12/31/2018,362,315,37,6,3,1,0,205,55,15,0,0,0,0,362,0
Nevada,Elko,12/31/2018,346,297,45,4,0,0,0,126,59,19,0,0,77,0,15,254
Nevada,Lyon,12/31/2018,362,304,50,8,0,0,0,133,58,40,0,0,362,0,0,0
Nevada,Nye,12/31/2018,365,350,15,0,0,0,0,99,32,18,0,0,0,0,0,365
Nevada,Washoe,12/31/2018,365,213,133,19,0,0,0,146,80,48,0,8,281,0,59,17
Nevada,White Pine,12/31/2018,355,261,88,6,0,0,0,108,71,44,0,0,349,0,6,0
New Hampshire,Belknap,12/31/2018,283,269,14,0,0,0,0,80,47,32,0,0,206,0,77,0
New Hampshire,Cheshire,12/31/2018,365,334,31,0,0,0,0,84,49,35,0,0,272,0,93,0
New Hampshire,Coos,12/31/2018,271,223,45,3,0,0,0,115,64,44,0,0,227,0,44,0
New Hampshire,Grafton,12/31/2018,365,336,29,0,0,0,0,90,48,36,0,0,259,0,106,0
New Hampshire,Hillsborough,12/31/2018,365,338,27,0,0,0,0,97,49,36,1,0,350,0,14,0
New Hampshire,Merrimack,12/31/2018,365,355,10,0,0,0,0,87,44,27,0,0,213,152,0,0
New Hampshire,Rockingham,12/31/2018,365,331,31,3,0,0,0,115,50,37,0,0,318,0,47,0
New Jersey,Atlantic,12/31/2018,365,327,37,1,0,0,0,112,51,37,0,0,250,0,115,0
New Jersey,Bergen,12/31/2018,365,214,137,12,2,0,0,164,76,45,1,69,96,0,199,0
New Jersey,Camden,12/31/2018,365,237,123,5,0,0,0,140,68,44,1,9,161,0,194,0
New Jersey,Cumberland,12/31/2018,365,305,60,0,0,0,0,93,56,38,0,15,173,0,177,0
New Jersey,Essex,12/31/2018,364,277,83,3,1,0,0,177,64,38,2,57,164,0,141,0
New Jersey,Gloucester,12/31/2018,276,223,46,7,0,0,0,147,67,39,0,0,232,0,44,0
New Jersey,Hudson,12/31/2018,365,255,101,7,2,0,0,174,67,42,0,90,126,0,149,0
New Jersey,Hunterdon,12/31/2018,352,273,74,3,2,0,0,179,63,38,0,0,230,0,122,0
New Jersey,Mercer,12/31/2018,365,283,75,6,1,0,0,187,64,40,0,0,234,0,131,0
New Jersey,Middlesex,12/31/2018,365,282,77,6,0,0,0,133,64,38,0,23,234,0,108,0
New Jersey,Monmouth,12/31/2018,245,220,25,0,0,0,0,100,51,33,0,0,245,0,0,0
New Jersey,Morris,12/31/2018,365,323,37,5,0,0,0,136,54,34,0,12,331,0,22,0
New Jersey,Ocean,12/31/2018,349,296,45,8,0,0,0,143,61,35,0,0,220,0,129,0
New Jersey,Passaic,12/31/2018,277,233,41,3,0,0,0,150,61,37,0,0,223,0,54,0
New Jersey,Union,12/31/2018,365,254,111,0,0,0,0,95,60,42,1,72,0,0,292,0
New Jersey,Warren,12/31/2018,357,294,62,1,0,0,0,112,60,35,0,38,158,0,161,0
New Mexico,Bernalillo,12/31/2018,365,160,186,18,1,0,0,165,90,53,0,1,257,0,51,56
New Mexico,Catron,12/31/2018,117,117,0,0,0,0,0,37,21,8,0,0,0,0,117,0
New Mexico,Chaves,12/31/2018,118,115,3,0,0,0,0,57,40,21,0,0,0,0,118,0
New Mexico,Dona Ana,12/31/2018,365,144,189,28,4,0,0,187,100,57,0,3,258,0,50,54
New Mexico,Eddy,12/31/2018,365,214,131,17,3,0,0,185,90,47,0,7,354,0,4,0
New Mexico,Lea,12/31/2018,365,227,132,6,0,0,0,143,80,45,0,3,302,0,60,0
New Mexico,Lincoln,12/31/2018,116,115,1,0,0,0,0,52,23,11,0,0,0,0,116,0
New Mexico,Los Alamos,12/31/2018,120,120,0,0,0,0,0,33,23,10,0,0,0,0,120,0
New Mexico,Luna,12/31/2018,357,343,11,3,0,0,0,137,32,16,0,0,0,0,0,357
New Mexico,Rio Arriba,12/31/2018,362,246,113,3,0,0,0,126,77,46,0,0,360,0,2,0
New Mexico,San Juan,12/31/2018,365,213,136,16,0,0,0,129,93,47,0,2,363,0,0,0
New Mexico,Sandoval,12/31/2018,354,224,118,12,0,0,0,119,84,45,0,0,350,0,1,3
New Mexico,Santa Fe,12/31/2018,365,279,83,3,0,0,0,122,67,44,0,0,353,0,12,0
New Mexico,Socorro,12/31/2018,112,110,2,0,0,0,0,56,30,13,0,0,0,0,112,0
New Mexico,Taos,12/31/2018,365,346,19,0,0,0,0,66,41,23,0,0,0,0,365,0
New Mexico,Valencia,12/31/2018,359,238,116,5,0,0,0,108,80,45,0,0,359,0,0,0
New York,Albany,12/31/2018,365,292,71,2,0,0,0,112,59,38,0,0,216,0,149,0
New York,Bronx,12/31/2018,365,286,70,9,0,0,0,150,64,39,0,80,169,0,116,0
New York,Chautauqua,12/31/2018,362,311,47,4,0,0,0,126,58,36,0,0,336,4,22,0
New York,Dutchess,12/31/2018,364,342,20,1,1,0,0,156,46,31,0,0,348,16,0,0
New York,Erie,12/31/2018,365,276,87,2,0,0,0,112,65,40,0,17,204,0,144,0
New York,Essex,12/31/2018,365,319,44,2,0,0,0,108,54,41,0,0,363,0,2,0
New York,Franklin,12/31/2018,341,341,0,0,0,0,0,24,0,0,0,0,0,341,0,0
New York,Hamilton,12/31/2018,357,346,11,0,0,0,0,97,45,33,0,0,352,5,0,0
New York,Herkimer,12/31/2018,248,236,12,0,0,0,0,93,48,36,0,0,245,3,0,0
New York,Jefferson,12/31/2018,329,307,20,2,0,0,0,105,47,33,0,0,329,0,0,0
New York,Kings,12/31/2018,365,330,35,0,0,0,0,80,49,25,0,0,0,0,365,0
New York,Monroe,12/31/2018,365,301,60,4,0,0,0,108,58,36,0,6,205,0,154,0
New York,Nassau,12/31/2018,365,340,25,0,0,0,0,92,45,21,0,0,0,7,358,0
New York,New York,12/31/2018,365,255,99,10,1,0,0,151,66,41,0,0,142,0,223,0
New York,Niagara,12/31/2018,320,294,25,1,0,0,0,101,50,34,0,0,320,0,0,0
New York,Oneida,12/31/2018,364,347,17,0,0,0,0,70,43,18,0,0,0,0,364,0
New York,Onondaga,12/31/2018,365,319,44,2,0,0,0,115,57,35,0,0,310,1,54,0
New York,Orange,12/31/2018,365,323,41,1,0,0,0,147,53,35,0,0,261,0,104,0
New York,Oswego,12/31/2018,350,324,25,1,0,0,0,112,47,32,0,0,350,0,0,0
New York,Putnam,12/31/2018,352,332,18,1,1,0,0,151,45,31,0,0,337,15,0,0
New York,Queens,12/31/2018,365,288,69,8,0,0,0,140,60,39,0,66,170,0,129,0
New York,Richmond,12/31/2018,363,286,71,6,0,0,0,136,61,37,0,0,132,0,231,0
New York,Rockland,12/31/2018,365,320,39,5,0,1,0,210,54,35,0,0,302,0,63,0
New York,Saratoga,12/31/2018,361,341,19,1,0,0,0,119,45,31,0,0,361,0,0,0
New York,Seneca,12/31/2018,364,364,0,0,0,0,0,17,0,0,0,0,0,364,0,0
New York,St. Lawrence,12/31/2018,359,282,66,11,0,0,0,110,81,14,0,0,0,359,0,0
New York,Steuben,12/31/2018,361,326,35,0,0,0,0,87,50,32,1,0,295,0,65,0
New York,Suffolk,12/31/2018,365,300,54,10,1,0,0,172,61,39,0,0,287,0,78,0
New York,Tompkins,12/31/2018,364,330,32,2,0,0,0,101,49,33,0,0,353,11,0,0
New York,Wayne,12/31/2018,239,210,25,4,0,0,0,115,58,38,0,0,239,0,0,0
New York,Westchester,12/31/2018,365,316,37,11,1,0,0,169,58,34,0,0,289,0,76,0
North Carolina,Alexander,12/31/2018,233,198,35,0,0,0,0,100,58,40,0,0,233,0,0,0
North Carolina,Avery,12/31/2018,357,328,29,0,0,0,0,87,50,38,0,0,346,0,11,0
North Carolina,Beaufort,12/31/2018,299,299,0,0,0,0,0,30,10,0,0,0,0,299,0,0
North Carolina,Brunswick,12/31/2018,329,307,21,1,0,0,0,116,40,0,0,0,0,329,0,0
North Carolina,Buncombe,12/31/2018,365,318,47,0,0,0,0,93,53,35,0,0,193,3,169,0
North Carolina,Caldwell,12/31/2018,244,209,35,0,0,0,0,93,58,39,0,0,244,0,0,0
North Carolina,Carteret,12/31/2018,222,202,20,0,0,0,0,77,49,38,0,0,222,0,0,0
North Carolina,Caswell,12/31/2018,232,198,34,0,0,0,0,97,58,40,0,0,232,0,0,0
North Carolina,Catawba,12/31/2018,352,297,55,0,0,0,0,77,55,32,0,0,0,0,352,0
North Carolina,Cumberland,12/31/2018,349,284,65,0,0,0,0,100,57,38,0,0,194,0,145,10
North Carolina,Davidson,12/31/2018,353,275,78,0,0,0,0,76,56,37,0,0,0,0,353,0
North Carolina,Durham,12/31/2018,358,272,86,0,0,0,0,100,58,42,0,0,160,0,197,1
North Carolina,Edgecombe,12/31/2018,354,321,33,0,0,0,0,80,50,33,0,0,187,0,167,0
North Carolina,Forsyth,12/31/2018,365,242,121,2,0,0,0,101,67,44,0,7,193,0,165,0
North Carolina,Graham,12/31/2018,195,165,30,0,0,0,0,93,64,43,0,0,195,0,0,0
North Carolina,Granville,12/31/2018,233,193,40,0,0,0,0,93,61,42,0,0,233,0,0,0
North Carolina,Guilford,12/31/2018,355,280,74,1,0,0,0,105,62,40,0,0,211,0,128,16
North Carolina,Haywood,12/31/2018,365,250,85,24,6,0,0,199,90,44,0,0,197,148,20,0
North Carolina,Hyde,12/31/2018,109,108,1,0,0,0,0,54,32,19,0,0,0,0,109,0
North Carolina,Jackson,12/31/2018,237,191,45,1,0,0,0,108,67,41,0,0,163,0,74,0
North Carolina,Johnston,12/31/2018,354,292,62,0,0,0,0,90,55,39,0,0,161,0,193,0
North Carolina,Lee,12/31/2018,210,145,65,0,0,0,0,83,59,45,0,0,127,0,83,0
North Carolina,Lenoir,12/31/2018,278,249,28,1,0,0,0,108,51,36,0,0,222,0,0,56
North Carolina,Lincoln,12/31/2018,225,184,41,0,0,0,0,90,58,41,0,0,225,0,0,0
North Carolina,Macon,12/31/2018,356,340,16,0,0,0,0,93,45,31,0,0,356,0,0,0
North Carolina,Martin,12/31/2018,289,261,28,0,0,0,0,80,50,34,0,0,224,0,0,65
North Carolina,Mecklenburg,12/31/2018,360,242,113,5,0,0,0,108,71,44,1,5,200,0,153,1
North Carolina,Mitchell,12/31/2018,355,339,16,0,0,0,0,78,45,20,0,0,0,0,355,0
North Carolina,Montgomery,12/31/2018,363,329,34,0,0,0,0,97,50,35,0,0,258,0,105,0
North Carolina,New Hanover,12/31/2018,329,308,21,0,0,0,0,77,48,30,0,0,201,0,128,0
North Carolina,Person,12/31/2018,356,328,28,0,0,0,0,97,50,33,0,0,232,124,0,0
North Carolina,Pitt,12/31/2018,345,306,39,0,0,0,0,87,51,35,0,0,189,0,156,0
North Carolina,Rockingham,12/31/2018,290,247,43,0,0,0,0,90,54,38,0,0,233,57,0,0
North Carolina,Rowan,12/31/2018,336,322,14,0,0,0,0,74,48,35,0,0,336,0,0,0
North Carolina,Swain,12/31/2018,363,309,54,0,0,0,0,80,54,36,0,0,177,0,186,0
North Carolina,Union,12/31/2018,189,143,43,3,0,0,0,122,67,44,0,0,189,0,0,0
North Carolina,Wake,12/31/2018,361,246,115,0,0,0,0,90,61,44,1,0,150,0,210,0
North Carolina,Yancey,12/31/2018,230,184,46,0,0,0,0,84,64,44,0,0,230,0,0,0
North Dakota,Billings,12/31/2018,361,321,40,0,0,0,0,90,54,38,0,0,304,0,57,0
North Dakota,Burke,12/31/2018,361,317,43,1,0,0,0,108,51,34,0,0,327,2,31,1
North Dakota,Burleigh,12/31/2018,363,299,60,2,2,0,0,153,56,37,2,7,184,0,166,4
North Dakota,Cass,12/31/2018,360,315,44,1,0,0,0,121,53,35,0,9,239,0,103,9
North Dakota,Dunn,12/31/2018,349,309,40,0,0,0,0,90,51,34,0,1,285,0,62,1
North Dakota,McKenzie,12/31/2018,355,309,46,0,0,0,0,92,54,37,0,0,300,1,51,3
North Dakota,Mercer,12/31/2018,365,319,41,5,0,0,0,127,58,36,0,4,292,10,58,1
North Dakota,Oliver,12/31/2018,360,305,52,3,0,0,0,122,58,36,0,0,300,1,56,3
North Dakota,Ward,12/31/2018,360,328,29,3,0,0,0,112,49,31,0,0,224,0,124,12
North Dakota,Williams,12/31/2018,365,287,77,1,0,0,0,119,61,38,0,0,207,60,95,3
Ohio,Adams,12/31/2018,359,342,17,0,0,0,0,66,42,23,0,0,0,26,333,0
Ohio,Allen,12/31/2018,365,304,56,5,0,0,0,119,59,39,0,0,215,9,141,0
Ohio,Ashtabula,12/31/2018,365,329,33,3,0,0,0,129,50,31,0,0,243,122,0,0
Ohio,Athens,12/31/2018,94,88,6,0,0,0,0,57,46,28,0,0,0,0,94,0
Ohio,Belmont,12/31/2018,365,350,15,0,0,0,0,69,36,17,1,253,0,1,104,6
Ohio,Butler,12/31/2018,365,269,90,6,0,0,0,140,69,41,0,0,284,10,65,6
Ohio,Clark,12/31/2018,365,240,121,4,0,0,0,140,67,44,0,0,160,3,202,0
Ohio,Clermont,12/31/2018,356,287,67,2,0,0,0,101,61,40,0,0,222,0,134,0
Ohio,Clinton,12/31/2018,245,202,42,1,0,0,0,112,64,41,0,0,245,0,0,0
Ohio,Columbiana,12/31/2018,303,302,1,0,0,0,0,52,12,1,0,0,0,240,0,63
Ohio,Cuyahoga,12/31/2018,365,221,133,11,0,0,0,133,75,45,0,8,177,2,166,12
Ohio,Delaware,12/31/2018,244,212,32,0,0,0,0,100,54,39,0,0,244,0,0,0
Ohio,Fayette,12/31/2018,364,337,27,0,0,0,0,80,49,35,0,0,364,0,0,0
Ohio,Franklin,12/31/2018,365,261,102,2,0,0,0,122,64,43,0,20,182,0,161,2
Ohio,Gallia,12/31/2018,365,353,11,1,0,0,0,124,29,4,0,0,0,365,0,0
Ohio,Geauga,12/31/2018,245,196,40,9,0,0,0,129,77,42,0,0,245,0,0,0
Ohio,Greene,12/31/2018,363,262,100,1,0,0,0,122,61,41,0,0,175,0,188,0
Ohio,Hamilton,12/31/2018,365,173,184,7,1,0,0,159,74,51,0,23,126,0,216,0
Ohio,Harrison,12/31/2018,145,142,3,0,0,0,0,60,30,3,103,0,0,0,40,2
Ohio,Jefferson,12/31/2018,365,215,148,2,0,0,0,108,66,47,0,0,93,27,245,0
Ohio,Knox,12/31/2018,245,208,36,1,0,0,0,115,64,40,0,0,245,0,0,0
Ohio,Lake,12/31/2018,365,293,61,11,0,0,0,138,67,38,0,0,208,6,151,0
Ohio,Lawrence,12/31/2018,365,319,44,2,0,0,0,119,54,36,0,0,180,1,184,0
Ohio,Licking,12/31/2018,245,210,35,0,0,0,0,100,54,40,0,0,245,0,0,0
Ohio,Lorain,12/31/2018,365,302,62,1,0,0,0,101,57,37,0,0,171,0,194,0
Ohio,Lucas,12/31/2018,365,273,82,9,1,0,0,151,64,41,0,0,195,22,148,0
Ohio,Madison,12/31/2018,244,209,34,1,0,0,0,101,58,41,0,0,244,0,0,0
Ohio,Mahoning,12/31/2018,365,304,61,0,0,0,0,90,55,36,0,0,143,0,221,1
Ohio,Medina,12/31/2018,365,286,79,0,0,0,0,100,60,38,0,0,185,0,180,0
Ohio,Miami,12/31/2018,245,207,37,1,0,0,0,140,61,40,0,0,245,0,0,0
Ohio,Montgomery,12/31/2018,363,255,104,4,0,0,0,129,64,43,4,0,181,0,178,0
Ohio,Morgan,12/31/2018,293,292,1,0,0,0,0,52,9,1,0,0,0,293,0,0
Ohio,Noble,12/31/2018,343,314,29,0,0,0,0,97,49,34,0,0,317,0,26,0
Ohio,Portage,12/31/2018,279,233,46,0,0,0,0,100,60,38,0,0,225,0,54,0
Ohio,Preble,12/31/2018,365,265,99,1,0,0,0,107,61,42,0,0,180,0,185,0
Ohio,Scioto,12/31/2018,365,353,12,0,0,0,0,82,35,14,0,0,0,57,109,199
Ohio,Stark,12/31/2018,365,237,125,3,0,0,0,108,69,45,1,0,167,0,197,0
Ohio,Summit,12/31/2018,365,260,104,1,0,0,0,105,63,41,0,0,163,0,202,0
Ohio,Trumbull,12/31/2018,353,284,65,4,0,0,0,108,64,39,0,0,226,0,127,0
Ohio,Warren,12/31/2018,358,260,93,5,0,0,0,136,67,43,0,0,195,0,163,0
Ohio,Washington,12/31/2018,245,216,26,3,0,0,0,105,54,39,0,0,245,0,0,0
Ohio,Wood,12/31/2018,245,213,30,2,0,0,0,115,61,38,0,0,245,0,0,0
Oklahoma,Adair,12/31/2018,365,301,62,2,0,0,0,145,58,38,0,0,246,0,112,7
Oklahoma,Bryan,12/31/2018,301,257,41,3,0,0,0,119,58,38,0,0,301,0,0,0
Oklahoma,Canadian,12/31/2018,360,300,54,6,0,0,0,150,64,36,0,0,360,0,0,0
Oklahoma,Carter,12/31/2018,356,293,61,2,0,0,0,128,55,31,0,0,0,0,356,0
Oklahoma,Choctaw,12/31/2018,272,254,18,0,0,0,0,93,49,37,0,0,272,0,0,0
Oklahoma,Cleveland,12/31/2018,365,238,121,6,0,0,0,121,71,45,0,0,190,0,175,0
Oklahoma,Comanche,12/31/2018,365,275,86,4,0,0,0,122,67,40,0,0,298,0,67,0
Oklahoma,Creek,12/31/2018,344,303,40,1,0,0,0,115,51,36,0,0,344,0,0,0
Oklahoma,Custer,12/31/2018,364,355,8,1,0,0,0,104,31,16,0,0,0,0,0,364
Oklahoma,Dewey,12/31/2018,362,261,94,7,0,0,0,115,74,40,0,0,251,0,111,0
Oklahoma,Garfield,12/31/2018,357,349,8,0,0,0,0,70,19,0,0,0,0,357,0,0
Oklahoma,Jefferson,12/31/2018,267,198,64,4,1,0,0,151,71,43,0,0,267,0,0,0
Oklahoma,Kay,12/31/2018,365,275,88,2,0,0,0,114,60,41,0,0,123,8,234,0
Oklahoma,Le Flore,12/31/2018,34,33,1,0,0,0,0,58,40,25,0,0,0,0,32,2
Oklahoma,Love,12/31/2018,272,205,60,7,0,0,0,129,74,43,0,0,272,0,0,0
Oklahoma,Mayes,12/31/2018,365,332,32,1,0,0,0,140,49,32,0,0,261,104,0,0
Oklahoma,McClain,12/31/2018,321,264,54,3,0,0,0,119,61,38,0,0,321,0,0,0
Oklahoma,Muskogee,12/31/2018,365,332,30,2,1,0,0,196,47,19,0,0,0,32,0,333
Oklahoma,Nowata,12/31/2018,354,274,80,0,0,0,0,97,63,41,0,0,194,0,160,0
Oklahoma,Oklahoma,12/31/2018,365,235,121,9,0,0,0,147,74,45,0,11,189,0,161,4
Oklahoma,Osage,12/31/2018,359,303,49,7,0,0,0,143,64,36,0,0,359,0,0,0
Oklahoma,Ottawa,12/31/2018,365,252,112,1,0,0,0,107,62,44,0,0,139,0,224,2
Oklahoma,Pittsburg,12/31/2018,364,285,78,1,0,0,0,108,67,40,0,0,213,0,151,0
Oklahoma,Sequoyah,12/31/2018,363,308,55,0,0,0,0,90,54,35,0,6,209,0,148,0
Oklahoma,Tulsa,12/31/2018,365,190,167,7,1,0,0,192,77,50,0,2,141,0,221,1
Oklahoma,Washington,12/31/2018,8,5,3,0,0,0,0,60,60,43,0,0,2,0,6,0
Oregon,Baker,12/31/2018,347,307,38,1,1,0,0,167,51,24,0,0,0,0,347,0
Oregon,Benton,12/31/2018,361,336,23,2,0,0,0,119,45,16,0,0,0,0,361,0
Oregon,Clackamas,12/31/2018,212,181,25,5,1,0,0,165,67,33,0,0,111,0,101,0
Oregon,Columbia,12/31/2018,363,341,18,4,0,0,0,136,41,24,0,0,132,0,231,0
Oregon,Crook,12/31/2018,363,285,71,5,2,0,0,164,65,25,0,0,0,0,363,0
Oregon,Deschutes,12/31/2018,363,296,52,10,5,0,0,189,61,20,0,0,0,0,363,0
Oregon,Douglas,12/31/2018,337,290,45,2,0,0,0,135,56,22,0,0,0,0,337,0
Oregon,Grant,12/31/2018,361,252,106,1,2,0,0,169,63,33,0,0,0,0,361,0
Oregon,Harney,12/31/2018,361,265,90,4,2,0,0,168,67,29,0,0,0,0,361,0
Oregon,Jackson,12/31/2018,364,232,90,11,27,4,0,233,121,42,0,0,85,0,279,0
Oregon,Jefferson,12/31/2018,184,131,47,5,1,0,0,155,69,37,0,0,0,0,184,0
Oregon,Josephine,12/31/2018,363,233,91,17,22,0,0,192,114,35,0,0,0,0,363,0
Oregon,Klamath,12/31/2018,359,214,105,12,25,3,0,225,114,37,0,0,0,0,359,0
Oregon,Lake,12/31/2018,358,276,60,13,9,0,0,180,80,26,0,0,0,0,358,0
Oregon,Lane,12/31/2018,365,266,91,7,1,0,0,154,71,36,0,0,101,0,261,3
Oregon,Linn,12/31/2018,365,292,68,5,0,0,0,122,61,27,0,0,0,0,365,0
Oregon,Marion,12/31/2018,361,306,49,6,0,0,0,125,58,32,0,0,139,0,222,0
Oregon,Multnomah,12/31/2018,365,309,49,6,1,0,0,152,58,33,0,19,219,0,127,0
Oregon,Umatilla,12/31/2018,333,279,46,5,2,1,0,229,60,33,0,0,94,0,239,0
Oregon,Union,12/31/2018,362,321,35,5,1,0,0,181,54,24,0,0,0,0,356,6
Oregon,Wallowa,12/31/2018,328,280,46,2,0,0,0,118,56,21,0,0,0,0,328,0
Oregon,Wasco,12/31/2018,334,294,35,4,1,0,0,154,53,30,0,0,76,0,253,5
Oregon,Washington,12/31/2018,365,301,57,7,0,0,0,150,59,31,0,51,139,0,175,0
Pennsylvania,Adams,12/31/2018,365,294,69,2,0,0,0,105,62,40,0,0,258,0,107,0
Pennsylvania,Allegheny,12/31/2018,365,159,183,22,1,0,0,154,88,54,0,0,88,25,252,0
Pennsylvania,Armstrong,12/31/2018,360,295,64,1,0,0,0,143,58,38,0,0,227,0,133,0
Pennsylvania,Beaver,12/31/2018,365,246,113,6,0,0,0,136,71,45,0,2,207,0,156,0
Pennsylvania,Berks,12/31/2018,365,270,90,5,0,0,0,117,67,40,0,0,239,0,126,0
Pennsylvania,Blair,12/31/2018,362,296,65,1,0,0,0,132,59,38,0,0,239,4,119,0
Pennsylvania,Bradford,12/31/2018,356,310,46,0,0,0,0,97,53,35,0,2,246,0,108,0
Pennsylvania,Bucks,12/31/2018,333,288,33,9,3,0,0,164,64,33,0,0,333,0,0,0
Pennsylvania,Cambria,12/31/2018,363,297,66,0,0,0,0,93,55,38,0,4,189,1,168,1
Pennsylvania,Centre,12/31/2018,365,286,77,2,0,0,0,122,61,40,0,1,225,0,139,0
Pennsylvania,Chester,12/31/2018,359,270,88,1,0,0,0,112,63,38,0,0,193,0,166,0
Pennsylvania,Clearfield,12/31/2018,343,320,22,1,0,0,0,101,46,33,0,0,343,0,0,0
Pennsylvania,Cumberland,12/31/2018,365,270,95,0,0,0,0,97,60,36,0,0,0,0,365,0
Pennsylvania,Dauphin,12/31/2018,365,279,85,1,0,0,0,108,67,39,0,0,217,0,147,1
Pennsylvania,Delaware,12/31/2018,365,193,166,6,0,0,0,143,73,49,0,1,86,0,278,0
Pennsylvania,Elk,12/31/2018,351,325,26,0,0,0,0,97,48,34,0,0,351,0,0,0
Pennsylvania,Erie,12/31/2018,365,280,85,0,0,0,0,84,59,38,0,7,198,0,159,1
Pennsylvania,Fayette,12/31/2018,228,183,44,1,0,0,0,105,54,37,0,1,141,0,86,0
Pennsylvania,Franklin,12/31/2018,353,343,10,0,0,0,0,74,44,32,0,0,353,0,0,0
Pennsylvania,Greene,12/31/2018,360,323,37,0,0,0,0,100,51,36,0,0,273,0,87,0
Pennsylvania,Indiana,12/31/2018,356,322,33,1,0,0,0,105,50,35,0,0,349,7,0,0
Pennsylvania,Lackawanna,12/31/2018,365,306,59,0,0,0,0,95,60,36,0,19,200,0,146,0
Pennsylvania,Lancaster,12/31/2018,365,246,114,5,0,0,0,126,74,44,0,0,183,0,182,0
Pennsylvania,Lawrence,12/31/2018,358,329,29,0,0,0,0,97,50,32,0,0,358,0,0,0
Pennsylvania,Lebanon,12/31/2018,365,260,103,2,0,0,0,101,64,39,0,0,187,0,178,0
Pennsylvania,Lehigh,12/31/2018,365,272,91,2,0,0,0,126,67,38,0,0,232,0,131,2
Pennsylvania,Luzerne,12/31/2018,365,340,24,1,0,0,0,101,48,32,0,0,354,0,0,11
Pennsylvania,Lycoming,12/31/2018,345,327,18,0,0,0,0,97,44,31,0,0,344,0,0,1
Pennsylvania,Mercer,12/31/2018,365,279,83,3,0,0,0,115,63,40,0,0,279,0,86,0
Pennsylvania,Monroe,12/31/2018,355,319,34,2,0,0,0,108,51,35,0,0,331,0,24,0
Pennsylvania,Montgomery,12/31/2018,352,284,61,7,0,0,0,129,63,37,0,0,216,0,136,0
Pennsylvania,Northampton,12/31/2018,365,251,109,5,0,0,0,136,74,41,0,1,206,0,158,0
Pennsylvania,Philadelphia,12/31/2018,365,217,138,9,1,0,0,156,71,46,0,7,139,0,219,0
Pennsylvania,Somerset,12/31/2018,357,330,27,0,0,0,0,90,47,33,0,0,357,0,0,0
Pennsylvania,Susquehanna,12/31/2018,88,81,7,0,0,0,0,62,47,24,0,0,0,0,88,0
Pennsylvania,Tioga,12/31/2018,347,310,37,0,0,0,0,97,52,35,0,1,286,0,60,0
Pennsylvania,Warren,12/31/2018,365,363,1,1,0,0,0,146,23,7,0,0,0,365,0,0
Pennsylvania,Washington,12/31/2018,365,233,130,2,0,0,0,105,64,45,0,1,184,0,180,0
Pennsylvania,Westmoreland,12/31/2018,364,321,41,2,0,0,0,122,51,36,0,0,263,0,101,0
Pennsylvania,York,12/31/2018,365,268,96,1,0,0,0,101,61,40,0,9,214,0,142,0
Puerto Rico,Adjuntas,12/31/2018,27,27,0,0,0,0,0,32,23,14,0,0,0,0,27,0
Puerto Rico,Bayamon,12/31/2018,305,177,115,7,6,0,0,166,77,46,10,0,0,42,253,0
Puerto Rico,Caguas,12/31/2018,201,200,1,0,0,0,0,54,19,9,177,0,0,0,24,0
Puerto Rico,Catano,12/31/2018,349,288,59,2,0,0,0,116,57,32,0,0,39,63,245,2
Puerto Rico,Fajardo,12/31/2018,24,24,0,0,0,0,0,44,29,19,0,0,0,0,24,0
Puerto Rico,Guayama,12/31/2018,342,342,0,0,0,0,0,40,6,3,0,0,0,342,0,0
Puerto Rico,Guaynabo,12/31/2018,302,291,8,2,1,0,0,169,33,10,100,111,0,0,90,1
Puerto Rico,Ponce,12/31/2018,357,179,173,5,0,0,0,118,71,50,8,0,0,0,302,47
Rhode Island,Kent,12/31/2018,354,318,30,6,0,0,0,140,51,32,0,0,170,0,184,0
Rhode Island,Providence,12/31/2018,365,282,75,8,0,0,0,147,61,42,0,20,193,0,151,1
Rhode Island,Washington,12/31/2018,361,328,28,5,0,0,0,115,49,31,0,0,188,0,173,0
South Carolina,Aiken,12/31/2018,228,206,22,0,0,0,0,93,50,38,0,0,228,0,0,0
South Carolina,Anderson,12/31/2018,261,258,3,0,0,0,0,51,44,33,0,0,261,0,0,0
South Carolina,Berkeley,12/31/2018,262,253,9,0,0,0,0,67,44,31,0,0,262,0,0,0
South Carolina,Charleston,12/31/2018,359,327,32,0,0,0,0,97,50,36,0,3,201,0,154,1
South Carolina,Chesterfield,12/31/2018,344,301,42,1,0,0,0,104,54,35,0,0,225,0,116,3
South Carolina,Colleton,12/31/2018,364,339,25,0,0,0,0,77,48,31,0,0,234,0,130,0
South Carolina,Darlington,12/31/2018,231,222,9,0,0,0,0,87,46,37,0,0,231,0,0,0
South Carolina,Edgefield,12/31/2018,355,321,34,0,0,0,0,90,50,35,0,0,256,0,99,0
South Carolina,Florence,12/31/2018,359,323,36,0,0,0,0,73,51,29,0,0,0,0,359,0
South Carolina,Georgetown,12/31/2018,326,326,0,0,0,0,0,44,27,15,0,0,0,0,0,326
South Carolina,Greenville,12/31/2018,365,298,67,0,0,0,0,87,55,39,0,13,208,0,144,0
South Carolina,Horry,12/31/2018,289,271,18,0,0,0,0,87,48,36,0,0,289,0,0,0
South Carolina,Lexington,12/31/2018,365,306,59,0,0,0,0,92,53,32,0,0,0,3,352,10
South Carolina,Oconee,12/31/2018,364,323,41,0,0,0,0,97,51,37,0,0,311,0,53,0
South Carolina,Pickens,12/31/2018,273,249,24,0,0,0,0,87,50,38,0,0,273,0,0,0
South Carolina,Richland,12/31/2018,365,312,52,1,0,0,0,101,53,37,0,2,274,0,89,0
South Carolina,Spartanburg,12/31/2018,365,296,69,0,0,0,0,77,56,40,0,0,154,0,211,0
South Carolina,York,12/31/2018,362,308,51,3,0,0,0,115,57,36,0,0,286,5,71,0
South Dakota,Brookings,12/31/2018,365,317,47,1,0,0,0,101,54,36,0,0,292,0,51,22
South Dakota,Brown,12/31/2018,121,114,5,1,0,0,1,429,45,24,0,0,0,0,109,12
South Dakota,Codington,12/31/2018,365,322,42,1,0,0,0,103,52,31,0,0,0,0,275,90
South Dakota,Custer,12/31/2018,365,317,48,0,0,0,0,88,51,41,0,0,349,0,15,1
South Dakota,Hughes,12/31/2018,354,339,14,1,0,0,0,108,32,13,0,0,0,0,354,0
South Dakota,Jackson,12/31/2018,365,319,45,1,0,0,0,123,54,41,0,0,315,0,47,3
South Dakota,Meade,12/31/2018,362,361,1,0,0,0,0,53,37,29,0,0,311,0,0,51
South Dakota,Minnehaha,12/31/2018,365,309,53,3,0,0,0,115,59,37,0,11,269,0,82,3
South Dakota,Pennington,12/31/2018,365,289,74,2,0,0,0,118,59,30,0,37,0,0,148,180
South Dakota,Union,12/31/2018,365,288,74,3,0,0,0,112,61,39,0,0,246,0,84,35
Tennessee,Anderson,12/31/2018,360,327,33,0,0,0,0,90,50,33,0,0,229,131,0,0
Tennessee,Blount,12/31/2018,365,301,63,1,0,0,0,108,58,40,0,0,270,0,95,0
Tennessee,Claiborne,12/31/2018,355,335,20,0,0,0,0,87,47,34,0,0,355,0,0,0
Tennessee,Davidson,12/31/2018,365,255,105,4,1,0,0,151,64,43,0,22,121,0,222,0
Tennessee,DeKalb,12/31/2018,348,331,17,0,0,0,0,87,46,33,0,0,348,0,0,0
Tennessee,Dyer,12/31/2018,356,325,31,0,0,0,0,80,49,29,0,0,0,0,356,0
Tennessee,Hamilton,12/31/2018,365,263,101,1,0,0,0,101,61,43,0,0,167,0,198,0
Tennessee,Jefferson,12/31/2018,244,202,42,0,0,0,0,100,61,42,0,0,244,0,0,0
Tennessee,Knox,12/31/2018,364,251,112,1,0,0,0,112,64,43,0,0,163,0,201,0
Tennessee,Lawrence,12/31/2018,352,328,24,0,0,0,0,66,47,27,0,0,0,0,352,0
Tennessee,Loudon,12/31/2018,365,313,51,1,0,0,0,133,54,34,0,0,198,0,167,0
Tennessee,Madison,12/31/2018,351,321,30,0,0,0,0,78,49,26,0,0,0,0,351,0
Tennessee,Maury,12/31/2018,331,307,24,0,0,0,0,66,48,27,0,0,0,0,331,0
Tennessee,McMinn,12/31/2018,356,316,40,0,0,0,0,67,51,29,0,0,0,0,356,0
Tennessee,Montgomery,12/31/2018,354,305,49,0,0,0,0,78,53,30,0,0,0,0,354,0
Tennessee,Putnam,12/31/2018,352,319,33,0,0,0,0,64,49,27,0,0,0,0,352,0
Tennessee,Roane,12/31/2018,355,323,32,0,0,0,0,62,49,27,0,0,0,0,355,0
Tennessee,Sevier,12/31/2018,364,306,54,4,0,0,0,115,64,43,0,0,364,0,0,0
Tennessee,Shelby,12/31/2018,365,274,83,8,0,0,0,133,68,40,0,16,232,0,117,0
Tennessee,Sullivan,12/31/2018,365,240,111,14,0,0,0,114,74,44,0,0,158,123,84,0
Tennessee,Sumner,12/31/2018,346,283,61,2,0,0,0,133,58,38,0,0,208,0,138,0
Tennessee,Williamson,12/31/2018,245,212,32,1,0,0,0,108,58,39,0,0,245,0,0,0
Tennessee,Wilson,12/31/2018,191,158,31,2,0,0,0,119,61,38,0,0,191,0,0,0
Texas,Bell,12/31/2018,365,320,40,5,0,0,0,136,54,36,0,0,365,0,0,0
Texas,Bexar,12/31/2018,365,251,103,10,1,0,0,162,70,43,0,6,199,2,157,1
Texas,Bowie,12/31/2018,297,246,50,1,0,0,0,106,56,35,0,0,0,0,297,0
Texas,Brazoria,12/31/2018,365,329,31,4,1,0,0,166,50,31,0,12,353,0,0,0
Texas,Brewster,12/31/2018,363,312,51,0,0,0,0,97,54,39,0,0,314,0,49,0
Texas,Cameron,12/31/2018,365,246,119,0,0,0,0,99,64,41,0,0,127,0,238,0
Texas,Collin,12/31/2018,361,296,49,16,0,0,0,150,71,37,0,0,361,0,0,0
Texas,Culberson,12/31/2018,115,108,7,0,0,0,0,78,44,23,0,0,0,0,115,0
Texas,Dallas,12/31/2018,365,240,106,16,3,0,0,161,77,44,0,21,185,0,158,1
Texas,Denton,12/31/2018,365,282,69,13,1,0,0,151,74,40,0,12,300,0,53,0
Texas,Ector,12/31/2018,337,296,41,0,0,0,0,91,53,30,0,0,0,0,337,0
Texas,El Paso,12/31/2018,365,133,215,15,2,0,0,164,84,55,0,26,190,0,147,2
Texas,Ellis,12/31/2018,365,282,75,8,0,0,0,120,66,38,0,8,213,0,144,0
Texas,Fayette,12/31/2018,330,292,38,0,0,0,0,96,53,25,0,0,0,0,330,0
Texas,Freestone,12/31/2018,347,343,4,0,0,0,0,86,4,0,0,0,0,347,0,0
Texas,Galveston,12/31/2018,365,315,40,9,0,1,0,202,57,33,0,5,295,2,62,1
Texas,Gregg,12/31/2018,364,320,43,1,0,0,0,140,58,34,0,3,343,18,0,0
Texas,Harris,12/31/2018,365,178,160,19,7,1,0,204,87,51,0,31,131,2,198,3
Texas,Harrison,12/31/2018,365,301,63,1,0,0,0,111,56,36,0,1,196,22,146,0
Texas,Hidalgo,12/31/2018,363,238,121,4,0,0,0,115,67,41,0,0,114,0,249,0
Texas,Hood,12/31/2018,362,316,41,5,0,0,0,133,54,33,0,0,362,0,0,0
Texas,Howard,12/31/2018,362,314,39,8,1,0,0,200,55,7,0,0,0,362,0,0
Texas,Hunt,12/31/2018,365,329,32,3,1,0,0,154,50,32,0,3,362,0,0,0
Texas,Hutchinson,12/31/2018,358,222,50,78,8,0,0,168,126,20,0,0,0,358,0,0
Texas,Jefferson,12/31/2018,365,222,132,10,1,0,0,154,78,45,0,0,162,19,184,0
Texas,Johnson,12/31/2018,354,302,44,7,1,0,0,156,61,35,0,0,354,0,0,0
Texas,Kaufman,12/31/2018,365,305,59,1,0,0,0,122,58,35,0,2,260,0,103,0
Texas,Kleberg,12/31/2018,342,243,95,3,1,0,0,160,65,35,0,0,0,0,342,0
Texas,Lubbock,12/31/2018,303,275,27,1,0,0,0,134,49,25,0,0,0,0,303,0
Texas,Maverick,12/31/2018,342,292,50,0,0,0,0,100,54,28,0,0,0,0,342,0
Texas,McLennan,12/31/2018,312,268,44,0,0,0,0,98,55,35,1,0,267,0,44,0
Texas,Milam,12/31/2018,350,350,0,0,0,0,0,29,0,0,0,0,0,350,0,0
Texas,Montgomery,12/31/2018,365,277,77,10,1,0,0,156,74,40,0,0,264,0,101,0
Texas,Navarro,12/31/2018,365,254,98,11,2,0,0,200,80,40,0,4,213,66,82,0
Texas,Nueces,12/31/2018,365,284,81,0,0,0,0,99,63,38,0,0,170,0,195,0
Texas,Orange,12/31/2018,365,238,117,10,0,0,0,122,70,44,0,0,140,23,202,0
Texas,Parker,12/31/2018,359,319,34,5,1,0,0,164,51,35,0,0,359,0,0,0
Texas,Polk,12/31/2018,365,347,18,0,0,0,0,97,45,31,0,0,365,0,0,0
Texas,Potter,12/31/2018,365,292,53,19,1,0,0,161,79,27,0,0,0,131,234,0
Texas,Randall,12/31/2018,362,266,87,9,0,0,0,112,74,43,0,0,362,0,0,0
Texas,Robertson,12/31/2018,332,332,0,0,0,0,0,26,4,0,0,0,0,332,0,0
Texas,Rockwall,12/31/2018,304,281,18,5,0,0,0,136,49,31,0,0,304,0,0,0
Texas,Rusk,12/31/2018,358,318,29,11,0,0,0,138,52,6,0,0,0,358,0,0
Texas,Smith,12/31/2018,364,324,38,2,0,0,0,112,54,33,0,3,361,0,0,0
Texas,Tarrant,12/31/2018,365,221,125,16,3,0,0,166,82,45,0,14,190,0,161,0
Texas,Titus,12/31/2018,353,353,0,0,0,0,0,50,9,0,0,0,0,353,0,0
Texas,Travis,12/31/2018,365,239,117,9,0,0,0,115,67,44,0,15,156,0,193,1
Texas,Victoria,12/31/2018,279,270,7,2,0,0,0,112,38,28,0,0,279,0,0,0
Texas,Webb,12/31/2018,313,237,74,2,0,0,0,107,64,39,0,0,150,0,161,2
Utah,Box Elder,12/31/2018,365,225,131,8,1,0,0,151,84,46,0,5,286,0,74,0
Utah,Cache,12/31/2018,365,235,123,7,0,0,0,133,77,46,0,0,265,0,100,0
Utah,Carbon,12/31/2018,364,231,128,5,0,0,0,115,77,46,0,3,361,0,0,0
Utah,Davis,12/31/2018,365,216,136,12,1,0,0,151,86,45,0,35,259,0,70,1
Utah,Duchesne,12/31/2018,365,221,133,11,0,0,0,129,84,46,0,1,327,0,37,0
Utah,Garfield,12/31/2018,365,260,103,2,0,0,0,122,74,44,0,0,364,0,1,0
Utah,Iron,12/31/2018,365,259,106,0,0,0,0,90,71,43,0,0,320,0,45,0
Utah,Salt Lake,12/31/2018,365,146,178,39,2,0,0,169,101,61,0,52,237,0,71,5
Utah,San Juan,12/31/2018,356,245,104,7,0,0,0,119,77,44,0,0,352,0,4,0
Utah,Tooele,12/31/2018,365,222,133,10,0,0,0,138,80,45,0,0,269,0,96,0
Utah,Uintah,12/31/2018,365,189,165,10,1,0,0,156,87,50,0,0,348,0,17,0
Utah,Utah,12/31/2018,365,218,115,25,7,0,0,162,93,46,0,33,252,0,75,5
Utah,Washington,12/31/2018,365,228,136,1,0,0,0,108,74,44,0,1,332,0,32,0
Utah,Wayne,12/31/2018,117,114,3,0,0,0,0,67,21,10,0,0,0,0,117,0
Utah,Weber,12/31/2018,365,203,145,15,2,0,0,157,90,48,0,50,248,0,59,8
Vermont,Bennington,12/31/2018,365,333,31,1,0,0,0,101,50,35,0,0,278,0,87,0
Vermont,Chittenden,12/31/2018,365,322,43,0,0,0,0,89,51,38,0,0,280,0,85,0
Vermont,Rutland,12/31/2018,365,306,59,0,0,0,0,90,57,37,1,1,238,0,125,0
Vermont,Windham,12/31/2018,117,116,1,0,0,0,0,51,26,9,0,0,0,0,117,0
Virgin Islands,St Croix,12/31/2018,22,19,3,0,0,0,0,74,55,22,0,0,0,0,22,0
Virgin Islands,St John,12/31/2018,2,2,0,0,0,0,0,24,24,24,0,0,0,0,2,0
Virgin Islands,St Thomas,12/31/2018,183,153,29,1,0,0,0,126,55,27,0,0,0,0,183,0
Virginia,Albemarle,12/31/2018,310,275,35,0,0,0,0,93,52,36,0,0,213,0,97,0
Virginia,Alexandria City,12/31/2018,78,78,0,0,0,0,0,11,10,6,0,0,0,0,0,78
Virginia,Arlington,12/31/2018,365,311,51,3,0,0,0,122,59,35,0,102,220,0,43,0
Virginia,Botetourt,12/31/2018,343,341,2,0,0,0,0,62,14,0,0,0,0,343,0,0
Virginia,Bristol City,12/31/2018,116,108,8,0,0,0,0,67,47,27,0,0,0,0,116,0
Virginia,Caroline,12/31/2018,241,219,22,0,0,0,0,84,49,36,0,0,241,0,0,0
Virginia,Carroll,12/31/2018,59,59,0,0,0,0,0,22,16,9,0,0,0,0,0,59
Virginia,Charles,12/31/2018,357,329,27,1,0,0,0,105,47,31,0,79,220,4,54,0
Virginia,Chesterfield,12/31/2018,275,250,25,0,0,0,0,77,50,34,0,0,208,0,67,0
Virginia,Covington City,12/31/2018,365,364,1,0,0,0,0,55,16,3,0,0,0,365,0,0
Virginia,Fairfax,12/31/2018,365,274,90,1,0,0,0,101,62,42,0,36,141,0,188,0
Virginia,Fauquier,12/31/2018,244,232,12,0,0,0,0,80,48,32,0,0,244,0,0,0
Virginia,Frederick,12/31/2018,352,309,43,0,0,0,0,85,53,35,0,0,198,0,154,0
Virginia,Giles,12/31/2018,362,313,46,3,0,0,0,139,54,37,0,0,326,36,0,0
Virginia,Hampton City,12/31/2018,362,331,31,0,0,0,0,97,50,36,1,8,212,0,141,0
Virginia,Hanover,12/31/2018,238,209,29,0,0,0,0,97,54,40,0,0,238,0,0,0
Virginia,Henrico,12/31/2018,365,315,49,1,0,0,0,147,54,36,0,4,245,0,116,0
Virginia,Hopewell City,12/31/2018,61,61,0,0,0,0,0,19,14,10,0,0,0,0,0,61
Virginia,Loudoun,12/31/2018,365,322,43,0,0,0,0,93,54,34,0,86,235,0,44,0
Virginia,Lynchburg City,12/31/2018,112,106,6,0,0,0,0,55,46,26,0,0,0,0,112,0
Virginia,Madison,12/31/2018,356,318,38,0,0,0,0,90,51,38,0,0,337,0,19,0
Virginia,Norfolk City,12/31/2018,365,357,8,0,0,0,0,60,34,16,13,252,0,2,98,0
Virginia,Prince Edward,12/31/2018,347,328,19,0,0,0,0,93,45,31,0,0,347,0,0,0
Virginia,Prince William,12/31/2018,345,316,29,0,0,0,0,100,48,32,0,101,244,0,0,0
Virginia,Richmond City,12/31/2018,364,312,52,0,0,0,0,75,53,33,0,62,0,0,302,0
Virginia,Roanoke,12/31/2018,365,321,44,0,0,0,0,87,53,37,0,16,189,0,160,0
Virginia,Rockbridge,12/31/2018,268,253,15,0,0,0,0,90,46,31,0,0,203,0,65,0
Virginia,Rockingham,12/31/2018,365,339,26,0,0,0,0,80,48,32,0,96,229,0,40,0
Virginia,Salem City,12/31/2018,113,103,10,0,0,0,0,72,49,26,0,0,0,0,113,0
Virginia,Stafford,12/31/2018,264,240,23,1,0,0,0,112,50,35,0,0,245,0,0,19
Virginia,Suffolk City,12/31/2018,245,224,21,0,0,0,0,87,50,39,0,0,245,0,0,0
Virginia,Virginia Beach City,12/31/2018,107,98,9,0,0,0,0,65,49,25,0,0,0,0,107,0
Virginia,Winchester City,12/31/2018,60,60,0,0,0,0,0,20,16,8,0,0,0,0,0,60
Virginia,Wythe,12/31/2018,237,207,30,0,0,0,0,84,54,40,0,0,237,0,0,0
Washington,Adams,12/31/2018,350,313,29,4,4,0,0,183,52,13,0,0,0,0,350,0
Washington,Asotin,12/31/2018,325,259,58,6,2,0,0,187,68,27,0,0,0,0,325,0
Washington,Benton,12/31/2018,365,291,60,12,2,0,0,178,65,34,0,0,129,0,189,47
Washington,Chelan,12/31/2018,365,290,50,8,12,4,1,426,69,27,0,0,0,0,365,0
Washington,Clallam,12/31/2018,365,297,60,3,4,1,0,205,55,38,0,0,182,0,183,0
Washington,Clark,12/31/2018,365,310,49,6,0,0,0,135,55,31,0,0,130,0,235,0
Washington,Columbia,12/31/2018,307,271,29,6,1,0,0,181,53,17,0,0,0,0,307,0
Washington,Cowlitz,12/31/2018,365,338,23,2,2,0,0,152,45,20,0,0,0,0,365,0
Washington,Franklin,12/31/2018,360,319,34,5,2,0,0,174,52,17,0,0,0,0,360,0
Washington,Garfield,12/31/2018,364,332,28,3,1,0,0,166,46,15,0,0,0,0,364,0
Washington,Grant,12/31/2018,365,307,47,4,6,1,0,248,59,20,0,30,0,0,335,0
Washington,Grays Harbor,12/31/2018,365,344,17,1,3,0,0,163,39,22,0,0,0,0,365,0
Washington,Jefferson,12/31/2018,359,342,11,3,3,0,0,176,36,19,0,0,0,0,359,0
Washington,King,12/31/2018,365,267,84,8,6,0,0,192,68,40,0,101,109,0,155,0
Washington,Kitsap,12/31/2018,349,333,11,2,3,0,0,172,34,12,0,0,0,0,349,0
Washington,Kittitas,12/31/2018,358,310,36,5,7,0,0,197,57,19,0,0,0,0,358,0
Washington,Klickitat,12/31/2018,257,220,32,4,1,0,0,157,58,20,0,0,0,0,257,0
Washington,Lewis,12/31/2018,365,324,35,3,3,0,0,167,53,21,0,0,0,0,365,0
Washington,Mason,12/31/2018,365,331,28,4,2,0,0,164,49,21,0,0,0,0,365,0
Washington,Okanogan,12/31/2018,365,219,113,9,22,1,1,311,79,40,0,0,0,0,365,0
Washington,Pierce,12/31/2018,365,278,76,5,6,0,0,178,73,42,0,17,240,0,108,0
Washington,Skagit,12/31/2018,365,341,16,5,3,0,0,180,42,29,0,6,195,0,164,0
Washington,Snohomish,12/31/2018,365,291,65,5,4,0,0,177,64,25,0,0,0,0,365,0
Washington,Spokane,12/31/2018,365,269,84,6,5,1,0,257,71,38,0,0,111,0,207,47
Washington,Stevens,12/31/2018,365,250,98,8,9,0,0,197,70,35,0,0,0,0,297,68
Washington,Thurston,12/31/2018,343,305,32,1,5,0,0,173,53,26,0,0,133,0,210,0
Washington,Walla Walla,12/31/2018,365,311,46,5,2,1,0,217,57,20,0,0,0,0,293,72
Washington,Whatcom,12/31/2018,365,248,98,16,3,0,0,182,77,38,0,0,56,195,114,0
Washington,Whitman,12/31/2018,365,325,33,5,2,0,0,177,52,17,0,0,0,0,365,0
Washington,Yakima,12/31/2018,365,239,110,7,7,2,0,214,79,40,0,0,0,0,359,6
West Virginia,Berkeley,12/31/2018,281,249,32,0,0,0,0,87,52,37,0,0,221,0,60,0
West Virginia,Brooke,12/31/2018,365,322,41,2,0,0,0,110,52,20,0,0,0,125,113,127
West Virginia,Cabell,12/31/2018,282,242,40,0,0,0,0,100,55,37,0,0,217,0,65,0
West Virginia,Gilmer,12/31/2018,360,346,14,0,0,0,0,90,44,29,0,0,360,0,0,0
West Virginia,Greenbrier,12/31/2018,232,222,10,0,0,0,0,84,48,38,0,0,232,0,0,0
West Virginia,Hancock,12/31/2018,365,326,38,1,0,0,0,105,54,32,0,0,208,56,61,40
West Virginia,Harrison,12/31/2018,117,104,13,0,0,0,0,61,52,27,0,0,0,0,117,0
West Virginia,Kanawha,12/31/2018,365,303,61,1,0,0,0,105,55,39,2,0,168,1,194,0
West Virginia,Marion,12/31/2018,117,105,12,0,0,0,0,63,51,28,0,0,0,0,117,0
West Virginia,Marshall,12/31/2018,365,294,71,0,0,0,0,93,56,26,0,0,0,136,229,0
West Virginia,Mason,12/31/2018,347,337,8,2,0,0,0,124,23,1,0,0,0,347,0,0
West Virginia,Mineral,12/31/2018,362,319,20,14,9,0,0,200,61,3,0,0,0,362,0,0
West Virginia,Monongalia,12/31/2018,341,311,30,0,0,0,0,93,49,34,0,0,224,66,51,0
West Virginia,Ohio,12/31/2018,283,241,41,1,0,0,0,105,58,39,0,0,233,0,50,0
West Virginia,Tucker,12/31/2018,365,336,29,0,0,0,0,74,48,34,0,0,359,0,6,0
West Virginia,Wood,12/31/2018,363,341,22,0,0,0,0,77,47,33,0,0,220,80,63,0
Wisconsin,Ashland,12/31/2018,360,333,27,0,0,0,0,84,49,35,0,0,332,0,28,0
Wisconsin,Brown,12/31/2018,365,307,57,1,0,0,0,105,56,38,0,0,209,7,149,0
Wisconsin,Columbia,12/31/2018,246,217,28,1,0,0,0,122,51,39,0,0,246,0,0,0
Wisconsin,Dane,12/31/2018,365,276,87,2,0,0,0,112,64,41,0,0,173,0,191,1
Wisconsin,Dodge,12/31/2018,365,278,84,3,0,0,0,133,64,41,0,0,251,0,114,0
Wisconsin,Door,12/31/2018,224,199,21,4,0,0,0,133,51,40,0,0,224,0,0,0
Wisconsin,Eau Claire,12/31/2018,365,282,82,1,0,0,0,129,62,41,0,0,190,0,175,0
Wisconsin,Fond du Lac,12/31/2018,244,213,30,1,0,0,0,101,54,39,0,0,244,0,0,0
Wisconsin,Forest,12/31/2018,365,321,44,0,0,0,0,93,54,36,0,0,321,0,44,0
Wisconsin,Grant,12/31/2018,351,296,55,0,0,0,0,81,55,31,0,0,0,0,351,0
Wisconsin,Jefferson,12/31/2018,243,209,32,2,0,0,0,126,58,39,0,0,243,0,0,0
Wisconsin,Kenosha,12/31/2018,365,268,83,11,3,0,0,166,74,42,0,0,230,0,135,0
Wisconsin,Kewaunee,12/31/2018,240,200,35,4,1,0,0,151,64,42,0,0,240,0,0,0
Wisconsin,La Crosse,12/31/2018,365,300,65,0,0,0,0,97,59,39,0,0,186,0,179,0
Wisconsin,Manitowoc,12/31/2018,239,202,30,5,2,0,0,169,64,40,0,0,239,0,0,0
Wisconsin,Marathon,12/31/2018,232,205,27,0,0,0,0,97,54,39,0,0,232,0,0,0
Wisconsin,Milwaukee,12/31/2018,365,247,113,4,1,0,0,151,71,43,0,17,184,0,164,0
Wisconsin,Oneida,12/31/2018,365,358,7,0,0,0,0,69,16,0,0,0,0,365,0,0
Wisconsin,Outagamie,12/31/2018,365,271,85,9,0,0,0,132,67,41,0,0,187,44,134,0
Wisconsin,Ozaukee,12/31/2018,363,280,76,5,2,0,0,169,66,40,0,0,225,0,138,0
Wisconsin,Racine,12/31/2018,236,187,38,9,2,0,0,161,77,42,0,0,236,0,0,0
Wisconsin,Rock,12/31/2018,246,217,28,1,0,0,0,133,54,39,0,0,246,0,0,0
Wisconsin,Sauk,12/31/2018,365,301,63,1,0,0,0,122,59,39,0,0,209,0,153,3
Wisconsin,Sheboygan,12/31/2018,239,186,42,9,2,0,0,185,84,43,0,0,239,0,0,0
Wisconsin,Taylor,12/31/2018,365,308,57,0,0,0,0,93,58,38,0,0,266,0,99,0
Wisconsin,Vilas,12/31/2018,360,319,41,0,0,0,0,100,52,34,0,0,206,0,154,0
Wisconsin,Walworth,12/31/2018,237,202,33,2,0,0,0,126,58,40,0,0,237,0,0,0
Wisconsin,Waukesha,12/31/2018,365,274,88,3,0,0,0,122,64,41,0,0,177,0,188,0
Wyoming,Albany,12/31/2018,365,223,139,3,0,0,0,115,74,48,0,1,296,0,8,60
Wyoming,Big Horn,12/31/2018,348,311,37,0,0,0,0,84,51,39,0,0,348,0,0,0
Wyoming,Campbell,12/31/2018,365,266,95,2,2,0,0,169,64,42,0,1,231,0,17,116
Wyoming,Carbon,12/31/2018,365,291,74,0,0,0,0,90,61,42,0,17,341,7,0,0
Wyoming,Converse,12/31/2018,365,311,53,1,0,0,0,102,55,40,0,2,329,0,5,29
Wyoming,Fremont,12/31/2018,365,252,111,2,0,0,0,120,67,46,0,0,325,7,33,0
Wyoming,Johnson,12/31/2018,228,190,38,0,0,0,0,90,57,39,0,1,215,0,0,12
Wyoming,Laramie,12/31/2018,365,295,69,1,0,0,0,109,61,43,0,7,332,0,22,4
Wyoming,Lincoln,12/31/2018,365,343,22,0,0,0,0,82,44,16,0,0,0,0,0,365
Wyoming,Natrona,12/31/2018,365,289,76,0,0,0,0,90,58,42,0,12,345,1,7,0
Wyoming,Park,12/31/2018,212,201,9,2,0,0,0,136,42,31,0,0,122,0,66,24
Wyoming,Platte,12/31/2018,61,58,3,0,0,0,0,55,36,15,0,0,0,0,0,61
Wyoming,Sheridan,12/31/2018,365,260,102,3,0,0,0,123,67,45,0,0,303,0,57,5
Wyoming,Sublette,12/31/2018,365,233,132,0,0,0,0,97,71,47,0,0,342,0,21,2
Wyoming,Sweetwater,12/31/2018,365,207,149,8,1,0,0,163,74,48,0,3,287,8,5,62
Wyoming,Teton,12/31/2018,365,286,78,1,0,0,0,106,61,44,0,0,340,0,24,1
Wyoming,Uinta,12/31/2018,365,287,77,1,0,0,0,108,61,44,0,2,354,0,0,9
Wyoming,Weston,12/31/2018,365,316,48,1,0,0,0,101,54,41,0,0,340,25,0,0
