us_state,county,year_end,days_with_aqi,good_days,moderate_days,unhealthy_sensitive_days,unhealthy_days,very_unhealthy_days,hazardous_days,max_aqi,90th_percentile_aqi,median_aqi,days_co,days_no2,days_ozone,days_so2,days_pm2.5,days_pm10
AL,Baldwin,2019,271,237,34,0,0,0,0,80,52,37,0,0,220,0,51,0
AL,Clay,2019,107,97,10,0,0,0,0,67,50,30,0,0,0,0,107,0
AL,Colbert,2019,263,252,11,0,0,0,0,61,47,37,0,0,228,0,35,0
AL,DeKalb,2019,361,324,37,0,0,0,0,90,51,39,0,0,331,0,30,0
AL,Elmore,2019,228,208,20,0,0,0,0,100,50,39,0,0,228,0,0,0
AL,Etowah,2019,279,232,47,0,0,0,0,90,58,43,0,0,218,0,61,0
AL,Houston,2019,280,256,24,0,0,0,0,77,50,35,0,0,208,0,72,0
AL,Jefferson,2019,365,157,195,13,0,0,0,150,79,53,0,2,122,4,236,1
AL,Lawrence,2019,112,111,1,0,0,0,0,53,38,24,0,0,0,0,112,0
AL,Madison,2019,361,255,106,0,0,0,0,93,58,44,0,0,155,0,199,7
AL,Mobile,2019,364,258,106,0,0,0,0,80,60,42,0,0,105,16,243,0
AL,Montgomery,2019,365,171,193,1,0,0,0,122,67,52,0,0,50,0,314,1
AL,Morgan,2019,365,306,59,0,0,0,0,93,54,41,0,0,195,0,170,0
AL,Russell,2019,363,268,95,0,0,0,0,84,59,40,0,0,116,0,247,0
AL,Shelby,2019,359,308,44,7,0,0,0,119,58,34,0,0,232,127,0,0
AL,Sumter,2019,361,335,26,0,0,0,0,64,48,32,0,0,183,10,168,0
AL,Tuscaloosa,2019,264,240,24,0,0,0,0,87,50,35,0,0,188,0,76,0
AK,Aleutians East ,2019,121,121,0,0,0,0,0,47,22,10,0,0,0,0,121,0
AK,Anchorage ,2019,365,289,67,5,4,0,0,160,63,27,8,0,0,0,252,105
AK,Bethel ,2019,317,304,11,1,1,0,0,176,31,10,0,0,0,0,186,131
AK,Denali ,2019,361,355,4,1,1,0,0,161,44,36,0,0,350,0,11,0
AK,Fairbanks North Star ,2019,365,230,96,18,16,1,4,377,103,38,0,13,130,1,215,6
AK,Juneau ,2019,362,308,51,3,0,0,0,145,55,20,0,0,0,0,335,27
AK,Kenai Peninsula ,2019,118,115,2,1,0,0,0,140,21,8,0,0,0,0,118,0
AK,Matanuska-Susitna ,2019,361,295,63,3,0,0,0,127,63,19,0,0,0,0,291,70
AK,North Slope ,2019,110,109,1,0,0,0,0,65,11,5,0,0,0,0,110,0
AZ,Apache,2019,359,358,1,0,0,0,0,59,20,10,0,0,0,0,36,323
AZ,Cochise,2019,365,266,99,0,0,0,0,97,64,45,0,0,327,0,13,25
AZ,Coconino,2019,365,289,76,0,0,0,0,80,61,45,0,0,356,0,9,0
AZ,Gila,2019,365,145,164,50,6,0,0,187,110,60,0,0,254,104,0,7
AZ,La Paz,2019,364,304,60,0,0,0,0,77,58,44,0,0,360,0,3,1
AZ,Maricopa,2019,365,66,261,38,0,0,0,147,101,65,0,3,215,0,71,76
AZ,Mohave,2019,365,358,7,0,0,0,0,69,27,14,0,0,0,0,28,337
AZ,Navajo,2019,365,294,70,1,0,0,0,112,58,44,0,0,357,0,0,8
AZ,Pima,2019,365,225,138,2,0,0,0,103,71,47,0,1,261,0,20,83
AZ,Pinal,2019,365,123,209,21,2,3,7,886,100,63,0,0,168,0,36,161
AZ,Santa Cruz,2019,362,280,80,2,0,0,0,120,63,31,0,0,0,0,245,117
AZ,Yavapai,2019,357,299,58,0,0,0,0,87,54,43,0,0,355,0,2,0
AZ,Yuma,2019,365,265,97,3,0,0,0,129,67,45,0,0,273,0,42,50
AR,Arkansas,2019,118,101,17,0,0,0,0,77,53,30,0,0,0,0,118,0
AR,Ashley,2019,120,103,17,0,0,0,0,67,53,33,0,0,0,0,120,0
AR,Benton,2019,146,120,26,0,0,0,0,83,56,35,0,0,0,0,146,0
AR,Clark,2019,355,347,8,0,0,0,0,67,46,32,0,0,355,0,0,0
AR,Craighead,2019,49,43,6,0,0,0,0,61,53,30,0,0,0,0,49,0
AR,Crittenden,2019,365,290,74,1,0,0,0,101,57,40,0,8,205,0,152,0
AR,Garland,2019,121,93,28,0,0,0,0,75,54,38,0,0,0,0,121,0
AR,Jackson,2019,117,102,15,0,0,0,0,74,54,34,0,0,0,0,117,0
AR,Newton,2019,365,347,18,0,0,0,0,90,47,36,0,0,358,0,7,0
AR,Polk,2019,361,312,48,1,0,0,0,119,54,39,0,0,314,0,47,0
AR,Pulaski,2019,365,235,130,0,0,0,0,79,61,45,0,2,146,0,217,0
AR,Union,2019,241,196,45,0,0,0,0,98,54,35,0,0,0,0,241,0
AR,Washington,2019,365,284,81,0,0,0,0,96,58,43,0,0,207,0,158,0
CA,Alameda,2019,365,260,97,8,0,0,0,150,63,41,0,28,175,0,162,0
CA,Amador,2019,355,308,45,2,0,0,0,115,51,39,0,0,355,0,0,0
CA,Butte,2019,365,224,136,3,2,0,0,173,67,46,0,0,231,0,133,1
CA,Calaveras,2019,360,299,60,1,0,0,0,108,58,42,0,0,322,0,35,3
CA,Colusa,2019,365,294,71,0,0,0,0,83,59,39,0,0,228,0,83,54
CA,Contra Costa,2019,365,292,69,4,0,0,0,129,61,40,0,4,244,0,116,1
CA,Del Norte,2019,248,236,12,0,0,0,0,71,43,20,0,0,0,0,248,0
CA,El Dorado,2019,365,273,86,6,0,0,0,122,74,43,0,0,355,0,1,9
CA,Fresno,2019,365,139,160,64,2,0,0,187,115,60,0,3,259,0,80,23
CA,Glenn,2019,362,302,60,0,0,0,0,86,55,40,0,0,277,0,68,17
CA,Humboldt,2019,363,353,10,0,0,0,0,65,40,27,2,1,272,0,50,38
CA,Imperial,2019,365,125,219,19,2,0,0,185,93,58,0,1,210,0,79,75
CA,Inyo,2019,365,232,121,6,2,1,3,638,84,47,0,0,319,0,14,32
CA,Kern,2019,365,119,151,87,6,1,1,548,122,67,0,2,260,0,73,30
CA,Kings,2019,365,152,172,37,2,0,2,507,105,56,0,0,190,0,103,72
CA,Lake,2019,360,360,0,0,0,0,0,50,41,31,0,0,356,0,3,1
CA,Los Angeles,2019,365,66,213,57,28,1,0,201,136,71,0,36,197,0,124,8
CA,Madera,2019,365,189,163,13,0,0,0,140,84,50,0,0,259,0,67,39
CA,Marin,2019,363,337,25,1,0,0,0,133,48,33,0,15,221,0,127,0
CA,Mariposa,2019,365,221,130,9,5,0,0,176,84,47,0,0,296,0,68,1
CA,Mendocino,2019,361,334,27,0,0,0,0,77,47,33,0,0,229,0,120,12
CA,Merced,2019,365,213,145,7,0,0,0,119,79,48,0,0,250,0,113,2
CA,Mono,2019,365,270,80,6,0,0,9,3852,81,27,0,0,0,0,305,60
CA,Monterey,2019,365,330,34,1,0,0,0,144,50,37,2,0,287,0,62,14
CA,Napa,2019,363,330,31,2,0,0,0,119,49,35,2,0,265,0,96,0
CA,Nevada,2019,361,273,83,5,0,0,0,122,71,44,0,0,326,0,35,0
CA,Orange,2019,365,216,133,15,1,0,0,172,87,48,0,13,262,0,83,7
CA,Placer,2019,365,221,134,10,0,0,0,136,77,48,0,2,295,0,66,2
CA,Plumas,2019,341,248,88,5,0,0,0,138,68,25,0,0,0,0,341,0
CA,Riverside,2019,365,75,170,91,29,0,0,185,147,77,0,0,247,0,70,48
CA,Sacramento,2019,365,213,142,10,0,0,0,140,84,46,0,1,240,0,116,8
CA,San Benito,2019,365,326,39,0,0,0,0,90,51,38,0,0,347,0,11,7
CA,San Bernardino,2019,365,55,177,71,54,8,0,213,169,80,0,16,246,0,96,7
CA,San Diego,2019,365,87,253,23,2,0,0,169,93,64,0,2,176,0,184,3
CA,San Francisco,2019,365,313,51,1,0,0,0,108,52,36,0,28,172,0,165,0
CA,San Joaquin,2019,365,231,122,11,1,0,0,190,80,44,0,3,236,0,109,17
CA,San Luis Obispo,2019,365,230,132,3,0,0,0,108,74,46,0,0,282,0,45,38
CA,San Mateo,2019,365,327,36,2,0,0,0,122,51,35,0,21,209,0,135,0
CA,Santa Barbara,2019,365,286,78,1,0,0,0,105,59,43,0,0,295,0,57,13
CA,Santa Clara,2019,365,271,90,4,0,0,0,136,66,41,0,7,218,0,139,1
CA,Santa Cruz,2019,365,347,18,0,0,0,0,70,46,35,0,0,262,0,103,0
CA,Shasta,2019,364,311,53,0,0,0,0,100,54,42,0,0,352,0,10,2
CA,Siskiyou,2019,365,332,29,2,2,0,0,161,49,36,0,0,262,0,103,0
CA,Solano,2019,365,290,74,1,0,0,0,119,59,40,0,2,225,0,138,0
CA,Sonoma,2019,365,348,17,0,0,0,0,87,44,33,0,3,258,0,94,10
CA,Stanislaus,2019,365,201,141,22,1,0,0,177,91,49,0,0,245,0,107,13
CA,Sutter,2019,365,239,124,2,0,0,0,110,71,44,0,0,249,0,109,7
CA,Tehama,2019,365,282,83,0,0,0,0,93,64,41,0,0,323,0,41,1
CA,Trinity,2019,269,246,21,2,0,0,0,113,49,18,0,0,0,0,269,0
CA,Tulare,2019,365,127,157,78,2,1,0,280,122,66,0,2,242,0,99,22
CA,Tuolumne,2019,358,273,83,2,0,0,0,108,67,43,0,0,358,0,0,0
CA,Ventura,2019,365,214,142,9,0,0,0,126,77,46,0,5,284,0,65,11
CA,Yolo,2019,365,284,80,1,0,0,0,136,61,41,0,1,279,0,82,3
CO,Adams,2019,365,223,141,1,0,0,0,132,64,47,0,48,150,0,87,80
CO,Alamosa,2019,107,107,0,0,0,0,0,21,17,9,0,0,0,0,107,0
CO,Arapahoe,2019,365,227,132,6,0,0,0,140,80,46,0,0,352,0,13,0
CO,Archuleta,2019,363,331,30,2,0,0,0,124,50,31,0,3,186,0,0,174
CO,Boulder,2019,365,227,133,5,0,0,0,119,74,47,0,0,269,0,96,0
CO,Clear Creek,2019,290,205,84,1,0,0,0,112,67,46,0,0,290,0,0,0
CO,Delta,2019,365,339,26,0,0,0,0,80,50,41,0,0,346,0,19,0
CO,Denver,2019,365,179,183,2,1,0,0,153,74,51,0,116,151,1,97,0
CO,Douglas,2019,361,236,114,10,1,0,0,154,77,46,0,0,304,0,57,0
CO,El Paso,2019,365,259,106,0,0,0,0,100,67,45,0,0,345,0,18,2
CO,Fremont,2019,32,32,0,0,0,0,0,29,23,13,0,0,0,0,0,32
CO,Garfield,2019,365,309,56,0,0,0,0,97,54,44,0,0,363,0,2,0
CO,Gilpin,2019,143,117,25,1,0,0,0,115,58,45,0,0,143,0,0,0
CO,Gunnison,2019,358,279,78,1,0,0,0,101,61,45,0,0,358,0,0,0
CO,Jackson,2019,102,102,0,0,0,0,0,25,13,6,0,0,0,0,102,0
CO,Jefferson,2019,365,238,111,16,0,0,0,129,87,46,0,2,363,0,0,0
CO,La Plata,2019,365,276,89,0,0,0,0,87,61,44,0,10,326,0,29,0
CO,Larimer,2019,365,208,151,6,0,0,0,129,77,48,0,0,337,0,28,0
CO,Mesa,2019,364,289,75,0,0,0,0,87,58,44,2,0,309,0,51,2
CO,Montezuma,2019,365,280,85,0,0,0,0,97,61,46,0,0,365,0,0,0
CO,Pitkin,2019,121,121,0,0,0,0,0,46,19,10,0,0,0,0,12,109
CO,Prowers,2019,346,343,3,0,0,0,0,76,28,14,0,0,0,0,0,346
CO,Pueblo,2019,126,125,1,0,0,0,0,68,31,20,0,0,0,0,75,51
CO,Rio Blanco,2019,365,311,54,0,0,0,0,100,54,44,0,0,321,0,44,0
CO,Routt,2019,356,353,2,1,0,0,0,137,27,13,0,0,0,0,0,356
CO,San Juan,2019,116,116,0,0,0,0,0,24,14,7,0,0,0,0,116,0
CO,San Miguel,2019,113,112,1,0,0,0,0,54,22,11,0,0,0,0,0,113
CO,Weld,2019,365,252,110,3,0,0,0,125,69,45,0,0,236,0,129,0
CT,Fairfield,2019,365,262,82,18,3,0,0,161,77,43,0,9,186,0,169,1
CT,Hartford,2019,365,301,59,5,0,0,0,122,55,39,0,26,240,0,98,1
CT,Litchfield,2019,365,342,23,0,0,0,0,97,48,37,0,0,339,0,26,0
CT,Middlesex,2019,205,175,23,6,1,0,0,154,61,41,0,0,205,0,0,0
CT,New Haven,2019,365,280,71,12,2,0,0,159,67,41,0,15,247,0,99,4
CT,New London,2019,364,323,34,7,0,0,0,129,52,37,0,0,200,0,164,0
CT,Tolland,2019,212,187,20,5,0,0,0,126,54,42,0,0,212,0,0,0
CT,Windham,2019,360,344,15,1,0,0,0,105,46,36,0,0,360,0,0,0
DE,Kent,2019,365,293,72,0,0,0,0,83,58,42,0,0,273,0,92,0
DE,New Castle,2019,365,259,103,3,0,0,0,136,68,43,0,7,253,0,105,0
DE,Sussex,2019,365,299,66,0,0,0,0,93,58,42,0,0,279,0,86,0
DC,District of Columbia,2019,365,242,118,4,1,0,0,157,71,44,0,32,221,0,112,0
FL,Alachua,2019,364,329,35,0,0,0,0,80,50,35,0,0,273,0,91,0
FL,Baker,2019,361,341,20,0,0,0,0,77,48,33,0,0,361,0,0,0
FL,Bay,2019,357,308,49,0,0,0,0,85,54,38,0,0,235,0,122,0
FL,Brevard,2019,351,336,15,0,0,0,0,90,46,36,0,0,306,0,45,0
FL,Broward,2019,363,303,60,0,0,0,0,90,54,40,2,9,165,0,187,0
FL,Citrus,2019,365,337,28,0,0,0,0,80,48,30,0,0,0,8,357,0
FL,Collier,2019,362,331,31,0,0,0,0,90,50,34,0,0,197,0,165,0
FL,Columbia,2019,363,294,69,0,0,0,0,90,58,38,0,0,207,0,156,0
FL,Duval,2019,361,248,112,1,0,0,0,114,64,43,0,0,174,0,187,0
FL,Escambia,2019,365,290,74,1,0,0,0,101,57,40,0,0,271,0,94,0
FL,Flagler,2019,270,265,5,0,0,0,0,74,45,34,0,0,270,0,0,0
FL,Hamilton,2019,349,313,36,0,0,0,0,79,51,31,0,0,0,33,316,0
FL,Highlands,2019,233,224,9,0,0,0,0,84,46,36,0,0,233,0,0,0
FL,Hillsborough,2019,365,281,78,6,0,0,0,132,64,42,0,0,211,4,150,0
FL,Holmes,2019,362,289,73,0,0,0,0,84,56,40,0,0,203,0,159,0
FL,Indian River,2019,335,324,11,0,0,0,0,90,47,36,0,0,335,0,0,0
FL,Lake,2019,330,301,28,1,0,0,0,101,50,35,0,0,330,0,0,0
FL,Lee,2019,365,328,36,1,0,0,0,108,51,36,0,0,251,0,110,4
FL,Leon,2019,360,275,84,1,0,0,0,119,58,38,0,0,168,0,192,0
FL,Liberty,2019,351,339,12,0,0,0,0,74,45,33,0,0,351,0,0,0
FL,Manatee,2019,365,333,30,2,0,0,0,108,49,36,0,0,365,0,0,0
FL,Marion,2019,365,311,54,0,0,0,0,87,54,38,0,0,236,0,129,0
FL,Martin,2019,352,323,29,0,0,0,0,84,49,35,0,0,235,0,117,0
FL,Miami-Dade,2019,363,317,44,2,0,0,0,146,52,38,1,23,150,0,188,1
FL,Nassau,2019,351,326,25,0,0,0,0,71,46,28,0,0,0,97,254,0
FL,Okaloosa,2019,363,335,28,0,0,0,0,84,48,36,0,0,342,0,0,21
FL,Orange,2019,360,321,39,0,0,0,0,93,51,36,1,1,300,0,58,0
FL,Osceola,2019,364,338,22,4,0,0,0,122,48,34,0,0,364,0,0,0
FL,Palm Beach,2019,357,321,36,0,0,0,0,93,51,35,0,0,218,0,137,2
FL,Pasco,2019,365,336,29,0,0,0,0,97,49,36,0,0,365,0,0,0
FL,Pinellas,2019,365,296,69,0,0,0,0,100,59,40,0,0,213,0,148,4
FL,Polk,2019,365,314,51,0,0,0,0,100,54,36,0,0,248,2,115,0
FL,Putnam,2019,352,347,5,0,0,0,0,54,29,17,0,0,0,6,0,346
FL,Santa Rosa,2019,364,307,57,0,0,0,0,93,57,39,0,0,241,0,123,0
FL,Sarasota,2019,365,323,42,0,0,0,0,100,52,37,0,0,246,0,119,0
FL,Seminole,2019,365,322,42,1,0,0,0,110,52,37,0,0,297,0,67,1
FL,St. Lucie,2019,352,342,10,0,0,0,0,77,46,34,0,0,352,0,0,0
FL,Volusia,2019,350,316,34,0,0,0,0,80,50,37,0,0,241,0,109,0
FL,Wakulla,2019,363,316,47,0,0,0,0,84,54,35,0,0,256,2,105,0
GA,Bibb,2019,365,278,84,3,0,0,0,137,61,38,0,0,158,3,204,0
GA,Charlton,2019,103,100,3,0,0,0,0,61,36,20,0,0,0,0,103,0
GA,Chatham,2019,365,295,70,0,0,0,0,87,56,39,0,0,146,58,161,0
GA,Chattooga,2019,244,231,13,0,0,0,0,71,48,40,0,0,244,0,0,0
GA,Clarke,2019,365,245,120,0,0,0,0,87,61,44,0,0,136,0,229,0
GA,Clayton,2019,119,98,21,0,0,0,0,70,54,36,0,0,0,0,119,0
GA,Cobb,2019,282,224,57,1,0,0,0,119,60,42,0,0,210,0,72,0
GA,Coffee,2019,121,107,14,0,0,0,0,66,52,26,0,0,0,0,121,0
GA,Columbia,2019,245,229,16,0,0,0,0,74,49,39,0,0,245,0,0,0
GA,Dawson,2019,244,225,18,1,0,0,0,126,48,37,0,0,244,0,0,0
GA,DeKalb,2019,365,251,110,3,1,0,0,159,64,44,0,34,156,0,175,0
GA,Dougherty,2019,356,236,118,2,0,0,0,107,63,40,0,0,0,0,356,0
GA,Douglas,2019,245,212,28,5,0,0,0,126,58,40,0,0,245,0,0,0
GA,Floyd,2019,365,217,148,0,0,0,0,89,62,44,0,0,0,5,360,0
GA,Fulton,2019,365,192,166,6,1,0,0,172,74,49,0,19,130,0,216,0
GA,Glynn,2019,279,254,25,0,0,0,0,80,50,36,0,0,224,0,55,0
GA,Gwinnett,2019,355,221,132,2,0,0,0,112,69,45,0,0,152,0,203,0
GA,Hall,2019,340,259,81,0,0,0,0,88,57,37,0,0,0,0,340,0
GA,Henry,2019,363,283,73,7,0,0,0,150,59,37,0,0,166,0,197,0
GA,Houston,2019,354,246,106,1,1,0,0,152,61,38,0,0,0,0,354,0
GA,Lowndes,2019,309,255,54,0,0,0,0,68,55,35,0,0,0,0,309,0
GA,Murray,2019,269,230,39,0,0,0,0,93,54,42,0,0,239,0,30,0
GA,Muscogee,2019,364,274,90,0,0,0,0,90,58,40,0,0,149,0,215,0
GA,Pike,2019,353,307,43,3,0,0,0,147,58,37,0,0,353,0,0,0
GA,Richmond,2019,364,231,131,2,0,0,0,101,64,45,0,0,127,16,203,18
GA,Rockdale,2019,241,186,50,5,0,0,0,129,67,43,0,0,241,0,0,0
GA,Sumter,2019,238,211,27,0,0,0,0,97,54,39,0,0,238,0,0,0
GA,Walker,2019,356,269,87,0,0,0,0,82,57,37,0,0,0,0,356,0
GA,Washington,2019,211,176,34,1,0,0,0,116,54,29,0,0,0,0,211,0
HI,Hawaii,2019,365,357,8,0,0,0,0,79,29,16,0,0,0,52,313,0
HI,Honolulu,2019,365,339,26,0,0,0,0,94,46,29,1,3,262,65,33,1
HI,Kauai,2019,365,363,2,0,0,0,0,71,27,13,0,144,0,3,218,0
HI,Maui,2019,362,347,11,3,1,0,0,166,30,15,0,0,0,0,362,0
ID,Ada,2019,365,317,48,0,0,0,0,100,53,38,0,8,240,0,112,5
ID,Bannock,2019,365,344,21,0,0,0,0,96,46,27,0,0,0,152,135,78
ID,Benewah,2019,364,242,111,9,2,0,0,154,74,37,0,0,0,0,364,0
ID,Blaine,2019,314,313,1,0,0,0,0,51,25,15,0,0,0,0,314,0
ID,Boise,2019,365,290,72,2,1,0,0,165,60,33,0,0,0,0,365,0
ID,Bonner,2019,365,316,48,1,0,0,0,115,55,21,0,0,0,0,272,93
ID,Bonneville,2019,357,342,15,0,0,0,0,63,43,29,0,0,0,0,357,0
ID,Butte,2019,361,348,13,0,0,0,0,71,48,40,0,0,359,0,2,0
ID,Canyon,2019,365,311,54,0,0,0,0,95,54,25,0,0,0,0,274,91
ID,Caribou,2019,330,326,2,2,0,0,0,108,24,6,0,0,0,330,0,0
ID,Custer,2019,96,96,0,0,0,0,0,38,17,6,0,0,0,0,96,0
ID,Franklin,2019,364,333,28,3,0,0,0,112,44,18,0,0,0,0,364,0
ID,Idaho,2019,365,297,68,0,0,0,0,88,55,40,0,0,214,0,151,0
ID,Jerome,2019,353,353,0,0,0,0,0,48,28,15,0,0,0,0,353,0
ID,Kootenai,2019,355,318,37,0,0,0,0,86,51,23,0,0,0,0,355,0
ID,Latah,2019,350,350,0,0,0,0,0,48,26,10,0,0,0,0,350,0
ID,Lemhi,2019,360,269,87,4,0,0,0,133,69,23,0,0,0,0,360,0
ID,Nez Perce,2019,360,309,51,0,0,0,0,89,56,24,0,0,0,0,360,0
ID,Shoshone,2019,365,260,102,3,0,0,0,117,72,29,0,0,0,0,353,12
ID,Twin Falls,2019,365,361,4,0,0,0,0,71,33,19,0,0,0,0,365,0
ID,Valley,2019,357,290,67,0,0,0,0,91,61,22,0,0,0,0,357,0
IL,Adams,2019,241,208,33,0,0,0,0,93,54,41,0,0,241,0,0,0
IL,Champaign,2019,365,281,84,0,0,0,0,100,61,42,0,0,235,0,130,0
IL,Clark,2019,327,314,13,0,0,0,0,74,47,34,0,0,327,0,0,0
IL,Cook,2019,365,150,206,9,0,0,0,133,76,53,0,26,91,0,238,10
IL,DuPage,2019,352,257,92,2,1,0,0,174,61,42,0,0,172,0,180,0
IL,Effingham,2019,245,224,21,0,0,0,0,84,50,40,0,0,245,0,0,0
IL,Hamilton,2019,344,269,74,1,0,0,0,105,58,43,0,0,198,0,146,0
IL,Jersey,2019,347,284,61,2,0,0,0,119,58,42,0,0,207,0,140,0
IL,Jo Daviess,2019,363,351,12,0,0,0,0,74,47,34,0,0,363,0,0,0
IL,Kane,2019,284,229,51,4,0,0,0,112,63,40,0,0,226,0,58,0
IL,La Salle,2019,335,334,1,0,0,0,0,60,4,0,0,0,0,335,0,0
IL,Lake,2019,245,210,33,2,0,0,0,115,58,40,0,0,245,0,0,0
IL,Macon,2019,365,255,110,0,0,0,0,93,61,44,0,0,148,30,187,0
IL,Macoupin,2019,365,348,17,0,0,0,0,87,47,33,0,101,245,19,0,0
IL,Madison,2019,365,192,170,1,2,0,0,156,71,49,0,0,186,2,174,3
IL,McHenry,2019,340,230,108,2,0,0,0,126,61,44,0,0,142,0,198,0
IL,McLean,2019,364,256,108,0,0,0,0,100,61,44,0,0,174,0,190,0
IL,Monroe,2019,286,286,0,0,0,0,0,33,6,1,0,0,0,286,0,0
IL,Peoria,2019,364,284,78,2,0,0,0,101,58,41,0,0,203,0,161,0
IL,Randolph,2019,324,264,60,0,0,0,0,97,54,40,0,0,209,0,115,0
IL,Rock Island,2019,361,281,78,2,0,0,0,115,59,42,0,0,186,0,175,0
IL,Saint Clair,2019,365,272,92,1,0,0,0,108,60,43,1,62,169,0,133,0
IL,Sangamon,2019,360,287,73,0,0,0,0,87,58,40,0,0,183,0,177,0
IL,Tazewell,2019,346,346,0,0,0,0,0,36,9,1,0,0,0,346,0,0
IL,Wabash,2019,364,361,3,0,0,0,0,82,10,1,0,0,0,364,0,0
IL,Will,2019,365,260,105,0,0,0,0,84,62,43,0,0,140,0,225,0
IL,Winnebago,2019,341,240,100,1,0,0,0,102,61,42,0,0,147,0,194,0
IN,Allen,2019,365,262,102,1,0,0,0,101,61,43,0,0,218,0,147,0
IN,Bartholomew,2019,364,298,66,0,0,0,0,77,54,41,0,0,268,0,96,0
IN,Boone,2019,351,320,31,0,0,0,0,90,50,35,0,0,351,0,0,0
IN,Brown,2019,365,349,16,0,0,0,0,74,47,35,0,0,365,0,0,0
IN,Carroll,2019,358,333,25,0,0,0,0,84,49,35,0,0,358,0,0,0
IN,Clark,2019,365,287,77,1,0,0,0,101,59,41,0,0,246,0,119,0
IN,Daviess,2019,350,350,0,0,0,0,0,19,7,1,0,0,0,350,0,0
IN,Delaware,2019,352,319,33,0,0,0,0,71,49,35,0,0,303,0,49,0
IN,Dubois,2019,120,102,18,0,0,0,0,70,54,33,0,0,0,0,119,1
IN,Elkhart,2019,365,294,71,0,0,0,0,81,55,37,0,0,231,0,134,0
IN,Floyd,2019,363,338,25,0,0,0,0,87,48,35,0,0,360,3,0,0
IN,Gibson,2019,359,355,4,0,0,0,0,84,17,3,0,0,0,359,0,0
IN,Greene,2019,355,318,37,0,0,0,0,87,51,39,0,0,315,0,40,0
IN,Hamilton,2019,365,268,95,2,0,0,0,119,61,41,0,0,217,0,148,0
IN,Hendricks,2019,361,348,13,0,0,0,0,93,47,34,0,0,361,0,0,0
IN,Henry,2019,119,106,13,0,0,0,0,63,52,28,0,0,0,0,119,0
IN,Howard,2019,361,289,71,1,0,0,0,108,58,40,0,0,238,0,123,0
IN,Huntington,2019,355,345,10,0,0,0,0,84,44,31,0,0,355,0,0,0
IN,Jackson,2019,360,340,20,0,0,0,0,80,47,35,0,0,360,0,0,0
IN,Knox,2019,359,328,31,0,0,0,0,87,50,36,0,0,359,0,0,0
IN,LaPorte,2019,364,305,55,4,0,0,0,126,61,37,0,0,331,0,33,0
IN,Lake,2019,365,225,139,1,0,0,0,101,70,45,0,3,149,5,204,4
IN,Madison,2019,365,286,78,1,0,0,0,101,58,41,0,0,226,0,139,0
IN,Marion,2019,365,153,208,4,0,0,0,112,72,53,0,0,110,0,255,0
IN,Monroe,2019,346,296,50,0,0,0,0,69,53,33,0,0,0,0,346,0
IN,Morgan,2019,364,341,23,0,0,0,0,87,48,35,0,0,358,6,0,0
IN,Perry,2019,358,322,36,0,0,0,0,80,51,37,0,0,358,0,0,0
IN,Pike,2019,227,227,0,0,0,0,0,46,6,1,0,0,0,227,0,0
IN,Porter,2019,365,264,93,8,0,0,0,122,64,41,0,0,204,27,118,16
IN,Posey,2019,364,341,23,0,0,0,0,80,49,35,0,0,364,0,0,0
IN,Shelby,2019,365,338,27,0,0,0,0,84,49,36,0,0,365,0,0,0
IN,Spencer,2019,117,101,16,0,0,0,0,73,53,31,0,0,0,0,117,0
IN,St. Joseph,2019,365,276,89,0,0,0,0,100,62,41,0,1,227,0,137,0
IN,Sullivan,2019,116,99,17,0,0,0,0,78,52,31,0,0,0,0,116,0
IN,Tippecanoe,2019,351,284,67,0,0,0,0,75,55,33,0,0,0,0,351,0
IN,Vanderburgh,2019,365,296,69,0,0,0,0,90,55,41,0,1,220,0,144,0
IN,Vigo,2019,365,238,126,1,0,0,0,102,64,45,0,0,184,0,181,0
IN,Wabash,2019,351,319,32,0,0,0,0,97,50,37,0,0,351,0,0,0
IN,Warrick,2019,365,337,28,0,0,0,0,93,50,36,0,0,365,0,0,0
IN,Whitley,2019,352,285,67,0,0,0,0,90,55,33,0,0,0,0,352,0
IA,Black Hawk,2019,363,296,67,0,0,0,0,83,58,31,0,0,0,0,363,0
IA,Bremer,2019,243,228,15,0,0,0,0,90,46,37,0,0,243,0,0,0
IA,Cerro Gordo,2019,118,118,0,0,0,0,0,38,27,15,0,0,0,0,0,118
IA,Clinton,2019,364,268,96,0,0,0,0,89,61,42,0,0,155,0,209,0
IA,Harrison,2019,241,222,19,0,0,0,0,97,50,38,0,0,241,0,0,0
IA,Johnson,2019,364,278,86,0,0,0,0,91,60,35,0,0,0,0,364,0
IA,Lee,2019,120,101,19,0,0,0,0,70,58,29,0,0,0,0,120,0
IA,Linn,2019,365,287,78,0,0,0,0,84,60,39,0,0,175,4,186,0
IA,Montgomery,2019,364,312,52,0,0,0,0,77,53,37,0,0,204,0,160,0
IA,Muscatine,2019,365,300,65,0,0,0,0,92,57,32,0,0,0,10,354,1
IA,Palo Alto,2019,364,305,59,0,0,0,0,93,55,38,0,0,187,0,177,0
IA,Polk,2019,365,306,59,0,0,0,0,100,55,39,0,3,246,0,116,0
IA,Pottawattamie,2019,130,111,19,0,0,0,0,70,53,29,0,0,0,0,112,18
IA,Scott,2019,365,222,141,2,0,0,0,112,67,45,0,0,125,0,154,86
IA,Van Buren,2019,361,310,51,0,0,0,0,97,54,37,0,1,192,0,167,1
IA,Woodbury,2019,118,105,13,0,0,0,0,81,52,28,0,0,0,0,118,0
KS,Chase,2019,118,112,5,1,0,0,0,113,38,20,0,0,0,0,118,0
KS,Ford,2019,304,301,3,0,0,0,0,54,31,15,0,0,0,0,0,304
KS,Johnson,2019,362,336,26,0,0,0,0,77,47,36,0,0,282,0,80,0
KS,Leavenworth,2019,362,347,15,0,0,0,0,97,45,33,0,0,362,0,0,0
KS,Neosho,2019,365,282,82,1,0,0,0,119,57,40,0,0,184,0,178,3
KS,Sedgwick,2019,365,313,52,0,0,0,0,97,54,39,0,9,297,0,55,4
KS,Shawnee,2019,365,294,70,0,1,0,0,158,58,41,0,0,191,0,174,0
KS,Sherman,2019,358,354,4,0,0,0,0,58,31,12,0,0,0,0,0,358
KS,Sumner,2019,365,317,48,0,0,0,0,97,54,39,0,4,274,0,77,10
KS,Trego,2019,364,342,21,0,1,0,0,152,48,36,0,0,298,0,65,1
KS,Wyandotte,2019,365,291,73,1,0,0,0,137,58,41,0,25,198,0,141,1
KY,Bell,2019,263,243,20,0,0,0,0,77,49,39,0,0,234,0,29,0
KY,Boone,2019,239,222,17,0,0,0,0,80,49,39,0,0,239,0,0,0
KY,Boyd,2019,365,313,52,0,0,0,0,74,53,39,0,11,192,0,160,2
KY,Bullitt,2019,243,214,29,0,0,0,0,93,51,41,0,0,243,0,0,0
KY,Campbell,2019,363,299,63,1,0,0,0,108,56,40,0,21,189,1,152,0
KY,Carter,2019,285,278,7,0,0,0,0,67,46,36,0,0,231,0,53,1
KY,Christian,2019,278,251,27,0,0,0,0,77,50,39,0,0,215,0,63,0
KY,Daviess,2019,364,282,81,1,0,0,0,101,60,43,0,1,192,4,167,0
KY,Edmonson,2019,365,290,75,0,0,0,0,77,56,41,0,0,231,0,134,0
KY,Fayette,2019,364,307,57,0,0,0,0,80,54,42,0,12,182,0,170,0
KY,Greenup,2019,362,357,5,0,0,0,0,58,44,31,0,0,242,120,0,0
KY,Hancock,2019,245,208,37,0,0,0,0,84,54,42,0,0,245,0,0,0
KY,Hardin,2019,363,318,45,0,0,0,0,71,53,39,0,0,182,0,181,0
KY,Henderson,2019,363,310,43,10,0,0,0,120,55,3,0,0,0,317,46,0
KY,Jefferson,2019,365,200,163,2,0,0,0,136,70,49,0,10,164,0,191,0
KY,Jessamine,2019,364,340,24,0,0,0,0,67,49,35,0,0,245,119,0,0
KY,Livingston,2019,261,237,24,0,0,0,0,77,50,41,0,0,242,0,0,19
KY,McCracken,2019,361,260,101,0,0,0,0,97,59,44,0,2,161,0,197,1
KY,Morgan,2019,356,341,15,0,0,0,0,80,47,36,0,0,356,0,0,0
KY,Oldham,2019,242,203,38,1,0,0,0,105,58,42,0,0,242,0,0,0
KY,Perry,2019,353,306,47,0,0,0,0,87,53,39,0,0,181,0,172,0
KY,Pike,2019,361,341,20,0,0,0,0,67,48,36,0,0,184,0,177,0
KY,Pulaski,2019,282,267,15,0,0,0,0,63,49,40,0,0,223,0,59,0
KY,Simpson,2019,244,222,22,0,0,0,0,67,50,40,0,0,244,0,0,0
KY,Trigg,2019,353,328,25,0,0,0,0,87,49,37,0,0,353,0,0,0
KY,Warren,2019,348,295,53,0,0,0,0,73,54,40,0,0,170,0,178,0
KY,Washington,2019,364,331,33,0,0,0,0,80,50,39,0,0,364,0,0,0
LA,Ascension,2019,361,319,41,1,0,0,0,101,54,33,0,7,354,0,0,0
LA,Bossier,2019,357,324,33,0,0,0,0,84,50,34,0,0,223,0,125,9
LA,Caddo,2019,356,296,60,0,0,0,0,80,55,37,0,0,278,0,78,0
LA,Calcasieu,2019,365,239,126,0,0,0,0,90,63,45,0,1,133,4,227,0
LA,East Baton Rouge,2019,365,260,103,2,0,0,0,108,68,42,0,8,177,1,179,0
LA,Iberville,2019,365,306,55,4,0,0,0,119,58,37,0,1,316,0,48,0
LA,Jefferson,2019,365,310,55,0,0,0,0,84,54,38,0,6,268,0,91,0
LA,Lafayette,2019,365,283,82,0,0,0,0,84,57,41,0,0,206,0,159,0
LA,Lafourche,2019,360,273,85,2,0,0,0,126,58,41,0,0,155,0,205,0
LA,Livingston,2019,365,279,86,0,0,0,0,97,60,41,0,0,180,0,185,0
LA,Orleans,2019,365,327,38,0,0,0,0,89,51,29,0,95,0,0,256,14
LA,Ouachita,2019,363,335,28,0,0,0,0,71,49,34,0,0,321,0,42,0
LA,Pointe Coupee,2019,351,322,26,3,0,0,0,112,49,33,0,0,351,0,0,0
LA,Rapides,2019,119,107,12,0,0,0,0,71,52,30,0,0,0,0,119,0
LA,St. Bernard,2019,365,251,112,2,0,0,0,112,60,44,0,0,148,16,201,0
LA,St. Charles,2019,362,350,12,0,0,0,0,90,26,3,0,0,0,362,0,0
LA,St. James,2019,365,350,15,0,0,0,0,97,46,28,0,0,359,6,0,0
LA,St. John the Baptist,2019,364,334,30,0,0,0,0,93,48,33,0,0,364,0,0,0
LA,St. Martin,2019,355,330,25,0,0,0,0,80,48,34,0,0,355,0,0,0
LA,St. Tammany,2019,363,306,57,0,0,0,0,84,56,37,0,0,236,0,127,0
LA,Tangipahoa,2019,117,104,13,0,0,0,0,64,52,30,0,0,0,0,117,0
LA,Terrebonne,2019,120,108,12,0,0,0,0,70,51,28,0,0,0,0,120,0
LA,West Baton Rouge,2019,365,289,76,0,0,0,0,100,59,39,0,10,162,1,192,0
ME,Androscoggin,2019,361,345,16,0,0,0,0,72,44,31,0,0,199,0,159,3
ME,Aroostook,2019,365,333,30,1,1,0,0,174,50,34,0,0,253,0,95,17
ME,Cumberland,2019,365,314,51,0,0,0,0,100,54,39,0,0,169,0,192,4
ME,Hancock,2019,365,347,17,1,0,0,0,105,48,36,2,0,343,0,19,1
ME,Kennebec,2019,361,356,5,0,0,0,0,67,44,28,0,129,211,0,21,0
ME,Knox,2019,213,204,9,0,0,0,0,84,47,36,0,0,213,0,0,0
ME,Oxford,2019,334,323,11,0,0,0,0,68,44,30,0,0,175,0,159,0
ME,Penobscot,2019,362,349,13,0,0,0,0,72,45,31,0,0,207,0,147,8
ME,Washington,2019,363,360,3,0,0,0,0,71,45,34,0,0,363,0,0,0
ME,York,2019,231,216,14,1,0,0,0,115,48,38,0,0,231,0,0,0
MD,Allegany,2019,365,332,21,11,1,0,0,152,43,1,0,0,0,365,0,0
MD,Anne Arundel,2019,355,270,78,7,0,0,0,143,67,41,0,0,242,95,0,18
MD,Baltimore,2019,365,263,93,9,0,0,0,150,71,43,0,20,266,1,78,0
MD,Baltimore (City),2019,363,268,89,6,0,0,0,126,62,42,0,29,197,0,137,0
MD,Calvert,2019,232,214,18,0,0,0,0,71,49,39,0,0,232,0,0,0
MD,Carroll,2019,241,205,35,1,0,0,0,101,54,43,0,0,241,0,0,0
MD,Cecil,2019,361,290,68,3,0,0,0,150,58,39,0,0,228,0,133,0
MD,Charles,2019,221,202,19,0,0,0,0,77,50,40,0,0,221,0,0,0
MD,Dorchester,2019,365,304,58,3,0,0,0,126,55,41,0,0,329,0,36,0
MD,Frederick,2019,243,198,44,1,0,0,0,112,58,44,0,0,243,0,0,0
MD,Garrett,2019,365,345,20,0,0,0,0,71,49,37,2,0,270,0,93,0
MD,Harford,2019,359,261,89,9,0,0,0,133,71,44,0,0,231,0,128,0
MD,Howard,2019,365,319,46,0,0,0,0,79,52,30,0,129,0,0,236,0
MD,Kent,2019,360,298,61,1,0,0,0,101,58,40,0,0,233,0,127,0
MD,Montgomery,2019,361,313,48,0,0,0,0,86,52,39,0,0,220,0,141,0
MD,Prince George's,2019,365,268,91,6,0,0,0,122,64,43,0,2,294,0,69,0
MD,Washington,2019,360,313,47,0,0,0,0,92,54,40,0,0,214,0,146,0
MA,Barnstable,2019,359,348,11,0,0,0,0,93,45,36,0,0,356,0,3,0
MA,Berkshire,2019,364,320,44,0,0,0,0,87,52,37,0,0,247,0,117,0
MA,Bristol,2019,364,323,41,0,0,0,0,97,51,40,0,0,296,0,68,0
MA,Dukes,2019,352,331,17,4,0,0,0,126,48,38,0,0,343,0,9,0
MA,Essex,2019,364,329,34,1,0,0,0,122,49,37,0,7,287,0,70,0
MA,Franklin,2019,364,326,38,0,0,0,0,87,51,37,0,0,251,0,113,0
MA,Hampden,2019,364,308,56,0,0,0,0,93,53,39,0,11,237,0,116,0
MA,Hampshire,2019,364,332,32,0,0,0,0,93,49,38,0,1,288,0,75,0
MA,Middlesex,2019,364,337,27,0,0,0,0,80,48,37,0,17,250,0,97,0
MA,Norfolk,2019,362,352,10,0,0,0,0,100,44,34,0,13,349,0,0,0
MA,Plymouth,2019,363,336,27,0,0,0,0,90,48,37,0,0,274,0,89,0
MA,Suffolk,2019,365,310,55,0,0,0,0,87,53,38,1,41,136,0,187,0
MA,Worcester,2019,365,314,51,0,0,0,0,93,54,40,1,12,221,0,131,0
MI,Allegan,2019,276,227,45,4,0,0,0,115,61,38,0,0,241,0,35,0
MI,Bay,2019,316,288,28,0,0,0,0,83,46,26,0,0,0,0,316,0
MI,Benzie,2019,247,232,15,0,0,0,0,93,46,36,0,0,247,0,0,0
MI,Berrien,2019,260,232,26,2,0,0,0,112,51,39,0,0,260,0,0,0
MI,Cass,2019,255,229,26,0,0,0,0,90,51,39,0,0,255,0,0,0
MI,Chippewa,2019,58,53,5,0,0,0,0,62,49,32,0,0,0,0,58,0
MI,Clinton,2019,248,243,5,0,0,0,0,67,46,35,0,0,248,0,0,0
MI,Genesee,2019,340,282,58,0,0,0,0,74,56,38,0,0,194,0,146,0
MI,Huron,2019,259,250,9,0,0,0,0,90,46,36,0,0,259,0,0,0
MI,Ingham,2019,365,331,34,0,0,0,0,75,49,35,0,9,233,0,123,0
MI,Kalamazoo,2019,362,312,50,0,0,0,0,85,54,38,0,0,200,0,162,0
MI,Kent,2019,365,310,55,0,0,0,0,90,54,36,3,0,257,0,101,4
MI,Keweenaw,2019,117,116,1,0,0,0,0,70,21,9,0,0,0,0,117,0
MI,Lenawee,2019,358,286,72,0,0,0,0,90,58,39,0,0,192,0,166,0
MI,Macomb,2019,292,251,40,1,0,0,0,101,54,38,0,0,244,0,48,0
MI,Manistee,2019,269,249,19,1,0,0,0,101,49,35,0,0,241,0,28,0
MI,Mason,2019,254,244,10,0,0,0,0,64,46,35,0,0,254,0,0,0
MI,Missaukee,2019,363,334,29,0,0,0,0,71,49,35,0,0,306,0,57,0
MI,Monroe,2019,359,355,4,0,0,0,0,76,16,1,0,0,0,299,0,60
MI,Muskegon,2019,262,236,25,1,0,0,0,133,50,38,0,0,262,0,0,0
MI,Oakland,2019,293,246,45,2,0,0,0,122,58,38,0,0,242,0,51,0
MI,Ottawa,2019,365,313,52,0,0,0,0,100,58,35,0,78,230,8,45,4
MI,Schoolcraft,2019,364,347,17,0,0,0,0,90,45,31,0,0,243,0,121,0
MI,St. Clair,2019,365,275,87,3,0,0,0,108,64,40,0,0,172,65,128,0
MI,Tuscola,2019,355,345,10,0,0,0,0,77,46,33,0,0,355,0,0,0
MI,Washtenaw,2019,365,294,71,0,0,0,0,88,58,39,0,0,243,0,122,0
MI,Wayne,2019,365,155,200,10,0,0,0,142,77,53,0,7,72,20,253,13
MI,Wexford,2019,340,322,18,0,0,0,0,74,46,34,0,0,340,0,0,0
MN,Anoka,2019,364,315,48,1,0,0,0,122,55,37,2,11,245,0,106,0
MN,Becker,2019,360,336,23,1,0,0,0,105,47,28,0,0,183,0,177,0
MN,Beltrami,2019,352,332,18,1,1,0,0,181,42,20,0,0,0,0,352,0
MN,Carlton,2019,356,346,10,0,0,0,0,80,44,27,0,0,218,0,138,0
MN,Cass,2019,350,332,17,1,0,0,0,125,33,13,0,0,0,0,350,0
MN,Cook,2019,334,325,9,0,0,0,0,78,30,17,0,0,0,0,334,0
MN,Crow Wing,2019,359,334,24,1,0,0,0,101,45,28,0,0,173,0,186,0
MN,Dakota,2019,365,306,59,0,0,0,0,89,56,28,0,71,0,1,293,0
MN,Goodhue,2019,216,203,13,0,0,0,0,97,48,37,0,0,216,0,0,0
MN,Hennepin,2019,365,245,120,0,0,0,0,94,62,42,0,12,58,0,175,120
MN,Lake,2019,363,343,20,0,0,0,0,81,44,27,0,0,151,0,174,38
MN,Lyon,2019,362,327,35,0,0,0,0,85,49,32,0,0,204,0,158,0
MN,Mille Lacs,2019,247,239,8,0,0,0,0,90,44,32,0,0,247,0,0,0
MN,Olmsted,2019,364,313,51,0,0,0,0,84,55,36,0,0,195,0,169,0
MN,Ramsey,2019,365,296,69,0,0,0,0,90,59,30,0,0,0,0,327,38
MN,Saint Louis,2019,365,327,37,1,0,0,0,101,51,34,0,0,253,0,100,12
MN,Scott,2019,365,314,51,0,0,0,0,93,52,36,0,0,247,0,118,0
MN,Stearns,2019,344,313,31,0,0,0,0,93,49,32,0,0,211,0,133,0
MN,Washington,2019,363,313,48,1,1,0,0,200,55,30,0,0,169,106,81,7
MN,Winona,2019,115,108,7,0,0,0,0,61,40,15,0,0,0,0,115,0
MN,Wright,2019,362,322,40,0,0,0,0,90,54,34,0,0,206,0,156,0
MS,Bolivar,2019,364,270,94,0,0,0,0,96,62,43,0,0,138,0,226,0
MS,DeSoto,2019,364,296,67,1,0,0,0,136,55,39,0,0,154,0,210,0
MS,Forrest,2019,358,298,60,0,0,0,0,75,55,35,0,0,0,0,358,0
MS,Hancock,2019,365,316,49,0,0,0,0,80,54,37,0,0,184,0,181,0
MS,Harrison,2019,363,284,79,0,0,0,0,97,59,41,0,0,136,0,227,0
MS,Hinds,2019,365,256,109,0,0,0,0,100,63,44,0,0,143,0,222,0
MS,Jackson,2019,365,289,75,1,0,0,0,105,58,39,0,1,155,0,209,0
MS,Lauderdale,2019,245,229,16,0,0,0,0,77,49,36,0,0,245,0,0,0
MS,Lee,2019,241,222,19,0,0,0,0,84,49,39,0,0,241,0,0,0
MS,Yalobusha,2019,348,334,14,0,0,0,0,71,45,33,0,0,348,0,0,0
MO,Andrew,2019,245,227,18,0,0,0,0,80,49,40,0,0,245,0,0,0
MO,Boone,2019,245,239,6,0,0,0,0,71,46,38,0,0,245,0,0,0
MO,Buchanan,2019,365,295,70,0,0,0,0,82,57,33,0,0,0,0,278,87
MO,Callaway,2019,245,238,7,0,0,0,0,71,47,39,0,0,245,0,0,0
MO,Cass,2019,365,319,46,0,0,0,0,93,51,37,0,0,213,0,152,0
MO,Cedar,2019,351,285,66,0,0,0,0,80,56,39,0,0,162,0,189,0
MO,Clay,2019,365,295,70,0,0,0,0,90,59,40,0,0,225,0,140,0
MO,Clinton,2019,245,213,32,0,0,0,0,87,54,42,0,0,245,0,0,0
MO,Franklin,2019,364,361,3,0,0,0,0,64,14,1,0,0,0,364,0,0
MO,Greene,2019,365,322,43,0,0,0,0,77,51,39,0,0,197,0,154,14
MO,Iron,2019,365,338,27,0,0,0,0,99,44,17,0,0,0,365,0,0
MO,Jackson,2019,365,265,100,0,0,0,0,93,60,38,0,46,0,0,265,54
MO,Jasper,2019,365,324,40,1,0,0,0,108,51,37,0,0,220,0,0,145
MO,Jefferson,2019,365,292,71,2,0,0,0,105,58,39,0,0,210,11,128,16
MO,Lincoln,2019,245,223,22,0,0,0,0,100,50,40,0,0,245,0,0,0
MO,Monroe,2019,365,357,8,0,0,0,0,71,45,35,0,0,365,0,0,0
MO,New Madrid,2019,365,49,50,145,121,0,0,200,187,131,0,0,0,365,0,0
MO,Perry,2019,245,224,21,0,0,0,0,87,50,40,0,0,245,0,0,0
MO,Saint Charles,2019,365,319,41,4,1,0,0,151,54,36,0,0,241,124,0,0
MO,Saint Louis,2019,365,264,98,3,0,0,0,143,65,43,0,8,180,0,177,0
MO,Sainte Genevieve,2019,244,229,15,0,0,0,0,87,49,38,0,0,244,0,0,0
MO,St. Louis City,2019,365,215,145,5,0,0,0,129,70,47,0,10,152,0,189,14
MO,Stoddard,2019,107,103,4,0,0,0,0,56,43,23,0,0,0,0,107,0
MO,Taney,2019,121,117,4,0,0,0,0,61,35,20,0,0,0,0,121,0
MT,Cascade,2019,363,350,12,1,0,0,0,106,38,21,0,0,0,0,363,0
MT,Fergus,2019,365,348,17,0,0,0,0,84,47,37,0,0,335,0,28,2
MT,Flathead,2019,365,302,62,1,0,0,0,103,58,37,0,0,233,0,103,29
MT,Gallatin,2019,365,337,28,0,0,0,0,91,47,25,4,22,0,0,339,0
MT,Lake,2019,93,93,0,0,0,0,0,43,19,8,0,0,0,0,93,0
MT,Lewis and Clark,2019,365,288,75,2,0,0,0,144,64,40,0,0,252,0,113,0
MT,Lincoln,2019,364,222,141,1,0,0,0,102,72,36,0,0,0,0,353,11
MT,Missoula,2019,365,224,137,3,1,0,0,152,76,40,0,0,2,0,362,1
MT,Phillips,2019,365,356,9,0,0,0,0,71,44,34,0,0,332,0,31,2
MT,Powder River,2019,361,329,31,1,0,0,0,145,50,38,0,0,309,0,39,13
MT,Powell,2019,110,106,4,0,0,0,0,81,25,9,0,0,0,0,110,0
MT,Ravalli,2019,364,329,35,0,0,0,0,74,48,14,0,0,0,0,364,0
MT,Richland,2019,365,339,26,0,0,0,0,93,48,37,0,0,307,0,51,7
MT,Roosevelt,2019,93,93,0,0,0,0,0,45,22,10,0,0,0,0,93,0
MT,Rosebud,2019,364,351,13,0,0,0,0,71,47,36,0,3,316,0,41,4
MT,Sanders,2019,365,330,35,0,0,0,0,94,50,25,0,0,0,0,346,19
MT,Sheridan,2019,104,103,1,0,0,0,0,51,27,12,0,0,0,0,104,0
MT,Silver Bow,2019,363,319,44,0,0,0,0,91,55,20,0,0,0,0,191,172
MT,Yellowstone,2019,362,357,4,0,1,0,0,157,34,21,0,0,0,77,285,0
NE,Cass,2019,348,348,0,0,0,0,0,46,26,13,0,0,0,0,0,348
NE,Douglas,2019,365,312,53,0,0,0,0,86,56,38,0,0,214,14,128,9
NE,Hall,2019,97,92,5,0,0,0,0,60,38,19,0,0,0,0,97,0
NE,Knox,2019,355,342,13,0,0,0,0,80,46,35,0,0,355,0,0,0
NE,Lancaster,2019,360,338,22,0,0,0,0,66,46,31,0,0,229,76,55,0
NE,Sarpy,2019,350,298,52,0,0,0,0,80,55,29,0,0,0,0,350,0
NE,Scotts Bluff,2019,113,110,3,0,0,0,0,70,34,19,0,0,0,0,113,0
NE,Thomas,2019,109,106,3,0,0,0,0,57,26,12,0,0,0,0,109,0
NE,Washington,2019,116,107,9,0,0,0,0,75,48,25,0,0,0,0,116,0
NV,Carson City,2019,365,308,57,0,0,0,0,97,58,41,0,0,300,0,65,0
NV,Churchill,2019,353,323,30,0,0,0,0,80,50,41,0,0,353,0,0,0
NV,Clark,2019,365,154,206,5,0,0,0,122,87,54,1,20,252,0,84,8
NV,Douglas,2019,356,346,10,0,0,0,0,62,40,13,0,0,0,0,356,0
NV,Elko,2019,365,363,2,0,0,0,0,61,27,14,0,0,0,0,12,353
NV,Lyon,2019,356,344,12,0,0,0,0,71,47,38,0,0,346,0,0,10
NV,Nye,2019,365,352,12,1,0,0,0,146,31,15,0,0,0,0,0,365
NV,Washoe,2019,365,244,121,0,0,0,0,97,64,46,0,4,294,0,62,5
NV,White Pine,2019,362,294,67,1,0,0,0,101,61,44,0,0,361,0,1,0
NH,Belknap,2019,316,308,8,0,0,0,0,74,44,31,0,0,181,0,135,0
NH,Cheshire,2019,365,348,17,0,0,0,0,79,45,34,0,0,303,0,62,0
NH,Coos,2019,324,314,10,0,0,0,0,64,47,40,0,0,304,0,20,0
NH,Grafton,2019,365,352,13,0,0,0,0,60,44,33,0,0,311,0,54,0
NH,Hillsborough,2019,365,353,12,0,0,0,0,80,46,37,0,0,356,0,9,0
NH,Merrimack,2019,365,360,5,0,0,0,0,72,43,27,0,0,209,156,0,0
NH,Rockingham,2019,365,343,21,1,0,0,0,112,47,37,0,0,316,0,49,0
NJ,Atlantic,2019,365,328,36,1,0,0,0,105,51,37,0,0,262,0,103,0
NJ,Bergen,2019,365,228,132,5,0,0,0,150,71,44,0,58,96,0,211,0
NJ,Camden,2019,365,240,120,5,0,0,0,126,67,44,0,19,202,0,144,0
NJ,Cumberland,2019,361,297,61,3,0,0,0,105,58,40,0,2,268,0,91,0
NJ,Essex,2019,365,265,100,0,0,0,0,100,62,41,0,85,160,0,120,0
NJ,Gloucester,2019,280,242,37,1,0,0,0,133,54,37,0,0,226,0,54,0
NJ,Hudson,2019,365,268,97,0,0,0,0,92,61,41,0,105,136,0,124,0
NJ,Hunterdon,2019,362,295,66,1,0,0,0,108,58,39,0,0,271,0,91,0
NJ,Mercer,2019,365,280,83,2,0,0,0,136,61,41,0,0,266,0,99,0
NJ,Middlesex,2019,362,285,74,3,0,0,0,115,61,40,0,20,247,0,95,0
NJ,Monmouth,2019,240,217,23,0,0,0,0,100,50,37,0,0,240,0,0,0
NJ,Morris,2019,364,336,28,0,0,0,0,87,50,36,0,11,335,0,18,0
NJ,Ocean,2019,349,291,56,2,0,0,0,150,58,38,0,0,218,0,131,0
NJ,Passaic,2019,277,242,34,1,0,0,0,122,54,39,0,0,224,0,53,0
NJ,Union,2019,365,258,107,0,0,0,0,100,59,42,0,109,0,0,256,0
NJ,Warren,2019,364,320,43,1,0,0,0,103,52,35,0,47,197,0,120,0
NM,Bernalillo,2019,365,164,197,4,0,0,0,108,77,51,0,1,248,0,67,49
NM,Catron,2019,111,111,0,0,0,0,0,32,18,9,0,0,0,0,111,0
NM,Chaves,2019,118,117,1,0,0,0,0,52,32,16,0,0,0,0,118,0
NM,Dona Ana,2019,365,170,171,17,3,2,2,630,87,51,0,8,263,0,23,71
NM,Eddy,2019,365,212,134,17,2,0,0,174,90,47,0,1,363,0,1,0
NM,Lea,2019,365,252,109,4,0,0,0,140,71,45,0,4,309,0,52,0
NM,Lincoln,2019,107,107,0,0,0,0,0,31,21,10,0,0,0,0,107,0
NM,Los Alamos,2019,117,117,0,0,0,0,0,32,15,9,0,0,0,0,117,0
NM,Luna,2019,361,349,10,1,0,0,1,617,29,12,0,0,0,0,0,361
NM,Rio Arriba,2019,358,315,43,0,0,0,0,90,54,43,0,0,354,0,4,0
NM,San Juan,2019,365,208,157,0,0,0,0,97,90,49,0,3,362,0,0,0
NM,Sandoval,2019,363,276,87,0,0,0,0,97,61,44,0,0,356,0,5,2
NM,Santa Fe,2019,362,274,87,1,0,0,0,101,67,44,0,0,352,0,10,0
NM,Socorro,2019,92,92,0,0,0,0,0,31,19,10,0,0,0,0,92,0
NM,Taos,2019,358,334,24,0,0,0,0,70,42,15,0,0,0,0,358,0
NM,Valencia,2019,357,270,87,0,0,0,0,93,67,44,0,0,357,0,0,0
NY,Albany,2019,365,322,43,0,0,0,0,92,53,37,0,0,242,0,123,0
NY,Bronx,2019,365,280,82,3,0,0,0,115,63,40,0,66,164,0,135,0
NY,Chautauqua,2019,365,337,27,1,0,0,0,105,49,37,0,0,320,22,23,0
NY,Dutchess,2019,365,353,12,0,0,0,0,90,45,33,0,0,331,34,0,0
NY,Erie,2019,365,310,55,0,0,0,0,93,54,38,0,27,221,0,117,0
NY,Essex,2019,365,332,33,0,0,0,0,80,50,42,0,0,362,1,2,0
NY,Franklin,2019,356,356,0,0,0,0,0,1,0,0,0,0,0,356,0,0
NY,Hamilton,2019,360,358,2,0,0,0,0,54,44,34,0,0,323,37,0,0
NY,Herkimer,2019,222,222,0,0,0,0,0,45,36,27,0,0,185,37,0,0
NY,Jefferson,2019,205,198,7,0,0,0,0,64,46,35,0,0,205,0,0,0
NY,Kings,2019,365,335,30,0,0,0,0,75,46,27,0,0,0,0,365,0
NY,Monroe,2019,365,321,44,0,0,0,0,90,52,36,0,3,235,0,127,0
NY,Nassau,2019,363,344,19,0,0,0,0,68,42,22,0,0,0,14,349,0
NY,New York,2019,365,293,70,2,0,0,0,136,58,39,0,0,184,0,181,0
NY,Niagara,2019,352,339,13,0,0,0,0,80,44,35,0,0,352,0,0,0
NY,Oneida,2019,355,345,10,0,0,0,0,60,35,18,0,0,0,0,355,0
NY,Onondaga,2019,365,337,28,0,0,0,0,77,49,37,0,0,281,0,84,0
NY,Orange,2019,365,343,22,0,0,0,0,74,47,36,0,0,275,0,90,0
NY,Oswego,2019,321,316,5,0,0,0,0,67,45,34,0,0,321,0,0,0
NY,Putnam,2019,364,348,15,1,0,0,0,101,46,34,0,0,329,35,0,0
NY,Queens,2019,365,292,69,4,0,0,0,119,58,40,0,85,189,0,91,0
NY,Richmond,2019,365,314,51,0,0,0,0,97,55,37,0,0,224,0,141,0
NY,Rockland,2019,365,335,29,1,0,0,0,112,49,36,0,0,296,0,69,0
NY,Saratoga,2019,331,328,3,0,0,0,0,58,44,33,0,0,331,0,0,0
NY,Seneca,2019,360,360,0,0,0,0,0,6,1,0,0,0,0,360,0,0
NY,St. Lawrence,2019,365,279,76,10,0,0,0,105,80,17,0,0,0,365,0,0
NY,Steuben,2019,365,349,16,0,0,0,0,65,47,35,0,0,292,0,73,0
NY,Suffolk,2019,365,300,56,9,0,0,0,150,61,40,0,0,295,1,69,0
NY,Tompkins,2019,365,358,7,0,0,0,0,61,45,34,0,0,353,12,0,0
NY,Wayne,2019,268,253,15,0,0,0,0,90,47,35,0,0,268,0,0,0
NY,Westchester,2019,365,330,34,1,0,0,0,105,50,36,0,0,292,0,73,0
NC,Alexander,2019,305,274,31,0,0,0,0,80,51,39,0,0,245,0,0,60
NC,Avery,2019,363,335,28,0,0,0,0,77,49,40,0,0,361,0,2,0
NC,Beaufort,2019,352,352,0,0,0,0,0,39,6,0,0,0,0,352,0,0
NC,Brunswick,2019,351,325,24,2,0,0,0,119,46,0,0,0,0,351,0,0
NC,Buncombe,2019,365,328,37,0,0,0,0,84,51,38,0,0,197,7,161,0
NC,Caldwell,2019,304,275,29,0,0,0,0,74,50,39,0,0,243,61,0,0
NC,Carteret,2019,259,239,20,0,0,0,0,80,50,37,0,0,259,0,0,0
NC,Caswell,2019,245,236,9,0,0,0,0,64,47,39,0,0,245,0,0,0
NC,Catawba,2019,361,298,63,0,0,0,0,71,54,33,0,0,0,0,361,0
NC,Cumberland,2019,363,282,81,0,0,0,0,84,58,41,0,0,206,0,153,4
NC,Davidson,2019,350,272,78,0,0,0,0,91,56,35,0,0,0,0,350,0
NC,Durham,2019,364,293,71,0,0,0,0,87,56,42,0,0,203,0,161,0
NC,Edgecombe,2019,363,325,38,0,0,0,0,71,51,36,0,0,200,0,163,0
NC,Forsyth,2019,365,236,129,0,0,0,0,97,64,45,0,12,180,0,173,0
NC,Graham,2019,245,191,54,0,0,0,0,97,61,44,0,0,245,0,0,0
NC,Granville,2019,240,195,45,0,0,0,0,87,64,44,0,0,240,0,0,0
NC,Guilford,2019,365,293,72,0,0,0,0,90,61,42,0,0,222,0,117,26
NC,Haywood,2019,364,296,66,2,0,0,0,108,61,43,0,0,244,102,18,0
NC,Hyde,2019,103,101,2,0,0,0,0,59,32,18,0,0,0,0,103,0
NC,Jackson,2019,103,100,3,0,0,0,0,62,45,26,0,0,0,0,103,0
NC,Johnston,2019,363,294,69,0,0,0,0,87,55,40,0,0,166,0,197,0
NC,Lenoir,2019,237,205,32,0,0,0,0,87,54,42,0,0,237,0,0,0
NC,Lincoln,2019,243,178,65,0,0,0,0,97,64,44,0,0,243,0,0,0
NC,Macon,2019,358,343,15,0,0,0,0,87,46,33,0,0,358,0,0,0
NC,Martin,2019,356,322,34,0,0,0,0,74,50,36,0,0,237,61,0,58
NC,Mecklenburg,2019,365,234,121,10,0,0,0,136,71,45,0,2,217,0,146,0
NC,Mitchell,2019,333,325,8,0,0,0,0,59,40,22,0,0,0,0,333,0
NC,Montgomery,2019,365,308,57,0,0,0,0,71,53,39,0,0,248,0,117,0
NC,New Hanover,2019,348,319,29,0,0,0,0,80,50,34,0,0,222,0,126,0
NC,Northampton,2019,153,138,15,0,0,0,0,71,49,32,0,11,0,0,142,0
NC,Person,2019,362,314,48,0,0,0,0,92,51,39,0,0,240,122,0,0
NC,Pitt,2019,352,308,44,0,0,0,0,87,52,38,0,0,208,0,144,0
NC,Rockingham,2019,245,207,38,0,0,0,0,84,58,44,0,0,245,0,0,0
NC,Rowan,2019,365,289,76,0,0,0,0,100,64,43,0,0,325,0,40,0
NC,Swain,2019,362,323,39,0,0,0,0,90,51,37,0,0,182,0,180,0
NC,Union,2019,235,175,57,3,0,0,0,105,64,45,0,0,235,0,0,0
NC,Wake,2019,365,245,120,0,0,0,0,93,61,46,1,1,175,0,188,0
NC,Yancey,2019,244,191,53,0,0,0,0,87,64,45,0,0,244,0,0,0
ND,Billings,2019,365,354,11,0,0,0,0,84,45,33,0,0,327,0,38,0
ND,Burke,2019,365,354,11,0,0,0,0,67,45,32,0,1,324,3,36,1
ND,Burleigh,2019,365,331,34,0,0,0,0,90,49,31,0,10,212,0,135,8
ND,Cass,2019,363,327,34,1,1,0,0,156,50,33,0,9,264,0,88,2
ND,Dunn,2019,365,348,17,0,0,0,0,87,46,34,0,0,339,0,26,0
ND,McKenzie,2019,365,353,12,0,0,0,0,77,46,34,0,1,338,0,25,1
ND,Mercer,2019,365,341,24,0,0,0,0,71,48,35,0,0,270,6,89,0
ND,Oliver,2019,365,339,26,0,0,0,0,84,48,34,0,0,342,0,23,0
ND,Ward,2019,364,347,17,0,0,0,0,87,44,29,0,7,262,0,91,4
ND,Williams,2019,365,309,53,3,0,0,0,128,56,34,0,0,253,56,55,1
OH,Adams,2019,365,361,4,0,0,0,0,61,36,20,0,0,0,41,324,0
OH,Allen,2019,364,303,61,0,0,0,0,97,56,39,0,0,214,32,118,0
OH,Ashtabula,2019,358,334,23,1,0,0,0,112,47,34,0,0,245,113,0,0
OH,Athens,2019,120,116,4,0,0,0,0,56,43,25,0,0,0,0,120,0
OH,Belmont,2019,365,349,16,0,0,0,0,66,38,15,14,251,0,1,90,9
OH,Butler,2019,365,247,105,13,0,0,0,147,78,44,0,0,275,27,58,5
OH,Clark,2019,365,220,143,2,0,0,0,105,64,45,0,0,157,3,205,0
OH,Clermont,2019,358,287,67,4,0,0,0,140,58,40,0,0,213,0,145,0
OH,Clinton,2019,244,203,41,0,0,0,0,100,58,43,0,0,244,0,0,0
OH,Columbiana,2019,350,350,0,0,0,0,0,26,11,1,0,0,0,288,0,62
OH,Cuyahoga,2019,365,188,173,4,0,0,0,108,70,50,0,3,133,2,214,13
OH,Delaware,2019,241,214,27,0,0,0,0,84,51,41,0,0,241,0,0,0
OH,Fayette,2019,355,332,23,0,0,0,0,74,48,38,0,0,355,0,0,0
OH,Franklin,2019,365,244,120,1,0,0,0,101,65,46,0,5,174,0,185,1
OH,Gallia,2019,365,337,26,2,0,0,0,117,46,6,0,0,0,365,0,0
OH,Geauga,2019,230,189,39,2,0,0,0,119,61,42,0,0,230,0,0,0
OH,Greene,2019,243,213,30,0,0,0,0,90,54,41,0,0,243,0,0,0
OH,Hamilton,2019,365,162,197,6,0,0,0,119,77,52,0,7,152,0,206,0
OH,Harrison,2019,293,290,3,0,0,0,0,59,30,2,236,0,0,0,55,2
OH,Jefferson,2019,365,232,131,2,0,0,0,123,63,45,0,0,119,7,239,0
OH,Knox,2019,245,218,27,0,0,0,0,93,51,41,0,0,245,0,0,0
OH,Lake,2019,365,317,43,5,0,0,0,115,54,37,0,0,231,1,133,0
OH,Lawrence,2019,365,328,37,0,0,0,0,77,51,39,0,0,197,0,168,0
OH,Licking,2019,245,223,22,0,0,0,0,80,50,41,0,0,245,0,0,0
OH,Lorain,2019,362,313,49,0,0,0,0,72,52,38,0,0,204,0,158,0
OH,Lucas,2019,365,293,71,1,0,0,0,143,61,40,0,0,200,15,150,0
OH,Madison,2019,245,209,36,0,0,0,0,93,54,42,0,0,245,0,0,0
OH,Mahoning,2019,365,308,57,0,0,0,0,84,54,39,0,0,177,5,183,0
OH,Medina,2019,353,304,49,0,0,0,0,78,53,38,0,0,163,0,190,0
OH,Miami,2019,241,226,15,0,0,0,0,77,49,40,0,0,241,0,0,0
OH,Montgomery,2019,365,229,136,0,0,0,0,94,64,45,0,0,168,0,195,2
OH,Morgan,2019,351,351,0,0,0,0,0,29,10,1,0,0,0,351,0,0
OH,Noble,2019,361,336,25,0,0,0,0,87,49,37,0,0,341,0,20,0
OH,Portage,2019,270,252,18,0,0,0,0,87,49,37,0,0,214,0,56,0
OH,Preble,2019,364,266,98,0,0,0,0,93,60,43,0,0,219,0,145,0
OH,Scioto,2019,365,356,9,0,0,0,0,78,37,14,0,0,0,52,103,210
OH,Stark,2019,365,226,139,0,0,0,0,100,67,46,0,0,164,0,201,0
OH,Summit,2019,365,279,83,3,0,0,0,115,61,42,0,0,170,2,193,0
OH,Trumbull,2019,362,295,67,0,0,0,0,100,58,40,0,0,208,0,154,0
OH,Warren,2019,360,284,73,3,0,0,0,122,63,43,0,0,199,0,161,0
OH,Washington,2019,245,219,26,0,0,0,0,87,51,41,0,0,245,0,0,0
OH,Wood,2019,244,225,19,0,0,0,0,87,49,38,0,0,244,0,0,0
OK,Adair,2019,365,338,27,0,0,0,0,86,49,37,1,0,262,0,98,4
OK,Canadian,2019,355,306,48,1,0,0,0,105,54,37,0,0,355,0,0,0
OK,Carter,2019,365,285,80,0,0,0,0,97,58,43,0,0,218,0,147,0
OK,Choctaw,2019,252,238,14,0,0,0,0,90,47,37,0,0,252,0,0,0
OK,Cleveland,2019,365,231,134,0,0,0,0,90,64,45,0,0,192,0,173,0
OK,Comanche,2019,365,285,80,0,0,0,0,97,62,43,0,0,223,0,142,0
OK,Creek,2019,356,331,24,1,0,0,0,101,48,36,0,0,356,0,0,0
OK,Custer,2019,236,235,1,0,0,0,0,58,26,14,0,0,0,0,0,236
OK,Dewey,2019,365,293,72,0,0,0,0,93,58,42,0,0,240,0,125,0
OK,Garfield,2019,345,339,6,0,0,0,0,74,13,0,0,0,0,345,0,0
OK,Grant,2019,27,27,0,0,0,0,0,32,31,16,0,0,0,0,27,0
OK,Johnston,2019,141,128,13,0,0,0,0,67,50,40,0,0,141,0,0,0
OK,Kay,2019,365,292,72,1,0,0,0,106,57,40,0,0,139,4,222,0
OK,Le Flore,2019,38,35,3,0,0,0,0,79,48,28,0,0,0,0,34,4
OK,Mayes,2019,365,351,14,0,0,0,0,100,46,32,0,0,296,69,0,0
OK,Muskogee,2019,286,269,15,1,1,0,0,169,35,5,0,0,0,152,0,134
OK,Nowata,2019,365,287,77,1,0,0,0,118,56,41,0,0,229,0,136,0
OK,Oklahoma,2019,365,227,137,1,0,0,0,119,70,46,0,5,204,0,155,1
OK,Osage,2019,354,311,43,0,0,0,0,90,51,38,0,0,354,0,0,0
OK,Ottawa,2019,363,289,73,1,0,0,0,104,57,38,0,0,80,0,251,32
OK,Pittsburg,2019,365,272,91,2,0,0,0,105,59,43,0,0,238,0,127,0
OK,Sequoyah,2019,361,325,36,0,0,0,0,67,50,36,0,18,201,0,142,0
OK,Tulsa,2019,365,256,108,1,0,0,0,105,65,44,0,3,225,0,137,0
OR,Baker,2019,360,328,32,0,0,0,0,64,49,23,0,0,0,0,360,0
OR,Benton,2019,365,332,33,0,0,0,0,85,49,17,0,0,0,0,365,0
OR,Clackamas,2019,225,217,7,1,0,0,0,101,44,30,0,0,143,0,82,0
OR,Columbia,2019,363,355,8,0,0,0,0,84,38,24,0,0,141,0,222,0
OR,Coos,2019,107,106,1,0,0,0,0,58,35,19,0,0,0,0,107,0
OR,Crook,2019,365,296,68,1,0,0,0,103,59,23,0,0,0,0,365,0
OR,Deschutes,2019,365,341,19,4,1,0,0,153,43,20,0,0,0,0,365,0
OR,Douglas,2019,347,288,59,0,0,0,0,80,59,24,0,0,0,0,347,0
OR,Grant,2019,349,255,93,1,0,0,0,103,60,30,0,0,0,0,349,0
OR,Harney,2019,364,264,95,5,0,0,0,131,66,33,0,0,0,0,363,1
OR,Jackson,2019,365,295,63,3,4,0,0,180,61,36,0,0,141,0,224,0
OR,Jefferson,2019,365,291,72,2,0,0,0,122,61,22,0,0,0,0,365,0
OR,Josephine,2019,365,283,77,3,2,0,0,169,64,26,0,0,0,0,365,0
OR,Klamath,2019,365,261,98,6,0,0,0,126,75,29,0,0,0,0,361,4
OR,Lake,2019,363,311,51,1,0,0,0,106,56,19,0,0,0,0,363,0
OR,Lane,2019,365,254,103,8,0,0,0,117,75,38,0,0,107,0,248,10
OR,Linn,2019,365,280,83,2,0,0,0,104,62,28,0,0,0,0,365,0
OR,Marion,2019,356,302,54,0,0,0,0,92,59,32,0,0,138,0,218,0
OR,Multnomah,2019,365,321,44,0,0,0,0,89,52,34,0,11,228,0,126,0
OR,Umatilla,2019,365,296,68,1,0,0,0,104,58,37,0,0,150,0,215,0
OR,Union,2019,365,344,21,0,0,0,0,86,43,20,0,0,0,0,362,3
OR,Wallowa,2019,363,333,29,1,0,0,0,103,48,22,0,0,0,0,363,0
OR,Wasco,2019,350,298,52,0,0,0,0,88,57,23,0,0,0,0,350,0
OR,Washington,2019,365,310,54,1,0,0,0,102,57,32,0,13,165,0,186,1
PA,Adams,2019,365,288,77,0,0,0,0,85,59,42,0,0,266,0,99,0
PA,Allegheny,2019,365,138,212,11,4,0,0,161,81,55,0,0,98,24,243,0
PA,Armstrong,2019,365,323,42,0,0,0,0,71,51,37,0,0,246,0,119,0
PA,Beaver,2019,365,248,116,1,0,0,0,132,64,45,0,0,231,0,134,0
PA,Berks,2019,365,279,80,5,1,0,0,165,63,42,0,0,242,0,123,0
PA,Blair,2019,354,281,73,0,0,0,0,92,60,41,0,0,211,2,141,0
PA,Bradford,2019,352,314,38,0,0,0,0,75,52,36,0,0,242,0,110,0
PA,Bucks,2019,357,318,36,3,0,0,0,136,54,35,0,0,357,0,0,0
PA,Cambria,2019,365,296,69,0,0,0,0,88,57,39,2,4,189,0,170,0
PA,Centre,2019,365,267,98,0,0,0,0,99,62,44,0,0,203,0,162,0
PA,Chester,2019,364,266,96,2,0,0,0,115,64,43,0,0,257,0,107,0
PA,Clearfield,2019,359,357,2,0,0,0,0,61,44,33,0,0,359,0,0,0
PA,Cumberland,2019,365,268,92,5,0,0,0,150,64,38,0,0,0,0,365,0
PA,Dauphin,2019,365,286,75,3,1,0,0,158,64,41,0,0,237,0,127,1
PA,Delaware,2019,365,240,118,7,0,0,0,133,71,44,0,6,208,0,151,0
PA,Elk,2019,357,345,12,0,0,0,0,80,46,35,0,0,357,0,0,0
PA,Erie,2019,364,322,42,0,0,0,0,93,51,36,2,7,245,0,110,0
PA,Fayette,2019,360,313,47,0,0,0,0,72,54,39,0,0,271,0,89,0
PA,Franklin,2019,341,324,17,0,0,0,0,80,48,36,0,0,341,0,0,0
PA,Greene,2019,349,329,20,0,0,0,0,71,48,35,0,0,257,0,92,0
PA,Indiana,2019,364,337,27,0,0,0,0,93,49,38,0,0,348,16,0,0
PA,Lackawanna,2019,365,333,32,0,0,0,0,80,49,37,0,22,290,0,53,0
PA,Lancaster,2019,365,238,117,9,1,0,0,157,72,45,0,0,198,0,167,0
PA,Lawrence,2019,361,356,5,0,0,0,0,74,43,31,0,0,361,0,0,0
PA,Lebanon,2019,360,278,78,4,0,0,0,142,62,42,0,0,219,0,141,0
PA,Lehigh,2019,360,293,64,3,0,0,0,119,61,38,0,0,247,0,111,2
PA,Luzerne,2019,361,350,11,0,0,0,0,77,45,34,0,0,351,1,0,9
PA,Lycoming,2019,361,340,21,0,0,0,0,74,46,35,0,0,299,0,62,0
PA,Mercer,2019,365,290,75,0,0,0,0,95,57,41,0,0,259,0,106,0
PA,Monroe,2019,349,340,9,0,0,0,0,80,45,34,0,0,349,0,0,0
PA,Montgomery,2019,362,302,59,1,0,0,0,129,58,35,0,0,238,0,124,0
PA,Northampton,2019,363,286,74,3,0,0,0,114,62,40,0,2,242,0,119,0
PA,Philadelphia,2019,365,244,115,6,0,0,0,140,71,44,0,30,206,0,129,0
PA,Somerset,2019,359,340,19,0,0,0,0,80,48,36,0,0,359,0,0,0
PA,Susquehanna,2019,352,328,24,0,0,0,0,76,46,24,0,0,0,0,352,0
PA,Tioga,2019,361,342,19,0,0,0,0,74,47,36,0,3,288,0,70,0
PA,Warren,2019,365,357,6,2,0,0,0,120,27,9,0,0,0,365,0,0
PA,Washington,2019,365,252,113,0,0,0,0,94,64,44,0,0,205,0,160,0
PA,Westmoreland,2019,354,319,35,0,0,0,0,93,50,38,0,0,278,0,76,0
PA,Wyoming,2019,27,19,8,0,0,0,0,85,63,29,0,0,0,0,27,0
PA,York,2019,365,299,66,0,0,0,0,93,56,41,0,21,232,1,111,0
PR,Adjuntas,2019,117,108,9,0,0,0,0,66,44,18,0,0,0,0,117,0
PR,Bayamon,2019,305,288,17,0,0,0,0,95,42,17,11,0,114,49,131,0
PR,Caguas,2019,354,334,16,4,0,0,0,114,35,10,119,121,0,0,114,0
PR,Catano,2019,348,231,106,10,1,0,0,159,88,33,0,0,69,3,223,53
PR,Fajardo,2019,119,104,15,0,0,0,0,84,52,22,0,0,0,0,116,3
PR,Guayama,2019,224,220,4,0,0,0,0,96,12,0,0,0,0,196,28,0
PR,Guaynabo,2019,362,325,33,4,0,0,0,110,51,20,23,235,0,0,89,15
PR,Mayagnez,2019,202,159,43,0,0,0,0,85,58,25,0,0,7,0,195,0
PR,Ponce,2019,351,247,98,6,0,0,0,136,65,35,9,0,0,0,247,95
PR,San Juan,2019,277,277,0,0,0,0,0,35,17,14,277,0,0,0,0,0
RI,Kent,2019,351,328,23,0,0,0,0,93,48,32,0,0,201,0,150,0
RI,Providence,2019,365,298,67,0,0,0,0,90,58,43,0,13,248,0,103,1
RI,Washington,2019,352,322,28,2,0,0,0,126,49,36,0,0,208,0,144,0
SC,Aiken,2019,265,230,35,0,0,0,0,97,58,39,0,0,265,0,0,0
SC,Anderson,2019,225,175,49,1,0,0,0,108,67,43,0,0,225,0,0,0
SC,Berkeley,2019,216,189,27,0,0,0,0,100,54,36,0,0,216,0,0,0
SC,Charleston,2019,357,305,51,1,0,0,0,140,52,37,0,0,223,0,133,1
SC,Chesterfield,2019,364,281,83,0,0,0,0,90,61,39,0,0,265,0,99,0
SC,Colleton,2019,7,7,0,0,0,0,0,32,32,29,0,0,5,0,2,0
SC,Darlington,2019,282,227,55,0,0,0,0,100,61,41,0,0,282,0,0,0
SC,Edgefield,2019,365,299,66,0,0,0,0,88,58,39,0,0,227,0,138,0
SC,Florence,2019,361,323,38,0,0,0,0,70,51,30,0,0,0,0,361,0
SC,Georgetown,2019,92,91,1,0,0,0,0,52,25,14,0,0,0,0,0,92
SC,Greenville,2019,365,237,127,1,0,0,0,101,67,45,0,3,234,0,127,1
SC,Horry,2019,261,205,56,0,0,0,0,97,64,41,0,0,261,0,0,0
SC,Lexington,2019,365,309,56,0,0,0,0,66,53,33,0,0,0,0,359,6
SC,Oconee,2019,365,308,56,1,0,0,0,105,54,41,0,0,272,50,43,0
SC,Pickens,2019,251,175,76,0,0,0,0,93,71,45,0,0,251,0,0,0
SC,Richland,2019,365,282,81,2,0,0,0,136,65,42,0,0,283,0,82,0
SC,Spartanburg,2019,357,249,106,2,0,0,0,105,65,44,0,0,221,0,136,0
SC,York,2019,365,262,95,8,0,0,0,133,68,44,0,0,250,0,115,0
SD,Brookings,2019,365,284,76,5,0,0,0,126,64,42,0,0,329,0,23,13
SD,Brown,2019,122,112,10,0,0,0,0,77,42,20,0,0,0,0,111,11
SD,Codington,2019,361,325,36,0,0,0,0,83,50,25,0,0,0,0,278,83
SD,Custer,2019,362,355,7,0,0,0,0,84,48,39,0,0,356,0,5,1
SD,Hughes,2019,356,350,6,0,0,0,0,65,28,11,0,0,0,0,356,0
SD,Jackson,2019,365,349,16,0,0,0,0,61,48,38,0,2,350,0,13,0
SD,Meade,2019,365,358,7,0,0,0,0,80,44,36,0,0,361,0,0,4
SD,Minnehaha,2019,365,321,43,1,0,0,0,105,52,36,0,9,307,0,47,2
SD,Pennington,2019,361,278,79,4,0,0,0,117,61,30,0,20,0,0,115,226
SD,Union,2019,364,327,37,0,0,0,0,97,51,35,0,2,267,0,82,13
TN,Anderson,2019,365,308,55,2,0,0,0,105,61,35,0,0,234,131,0,0
TN,Blount,2019,365,305,59,1,0,0,0,101,54,41,0,0,310,0,55,0
TN,Claiborne,2019,346,325,21,0,0,0,0,80,47,35,0,0,346,0,0,0
TN,Davidson,2019,365,248,116,1,0,0,0,101,62,45,0,26,132,0,207,0
TN,DeKalb,2019,363,335,28,0,0,0,0,80,49,37,0,0,363,0,0,0
TN,Dyer,2019,360,341,19,0,0,0,0,62,45,26,0,0,0,0,360,0
TN,Hamilton,2019,365,243,122,0,0,0,0,97,64,45,0,0,191,0,174,0
TN,Jefferson,2019,234,197,37,0,0,0,0,93,58,44,0,0,234,0,0,0
TN,Knox,2019,364,269,95,0,0,0,0,84,59,42,0,0,180,0,180,4
TN,Lawrence,2019,330,306,24,0,0,0,0,62,47,27,0,0,0,0,330,0
TN,Loudon,2019,365,313,52,0,0,0,0,93,54,37,0,0,151,0,214,0
TN,Madison,2019,362,330,32,0,0,0,0,60,49,27,0,0,0,0,362,0
TN,Maury,2019,362,352,10,0,0,0,0,61,42,23,0,0,0,0,362,0
TN,McMinn,2019,357,316,41,0,0,0,0,65,51,30,0,0,0,0,357,0
TN,Montgomery,2019,362,339,23,0,0,0,0,63,46,26,0,0,0,0,362,0
TN,Putnam,2019,360,351,9,0,0,0,0,63,45,25,0,0,0,0,360,0
TN,Roane,2019,356,338,18,0,0,0,0,71,46,28,0,0,0,0,356,0
TN,Sevier,2019,364,287,77,0,0,0,0,90,61,44,0,0,364,0,0,0
TN,Shelby,2019,365,239,122,4,0,0,0,148,64,44,0,7,200,0,157,1
TN,Sullivan,2019,365,237,107,21,0,0,0,121,77,45,0,0,159,129,77,0
TN,Sumner,2019,357,284,73,0,0,0,0,93,60,40,0,0,200,0,157,0
TN,Williamson,2019,245,215,30,0,0,0,0,84,51,42,0,0,245,0,0,0
TN,Wilson,2019,231,205,26,0,0,0,0,80,51,40,0,0,231,0,0,0
TX,Bell,2019,365,284,79,2,0,0,0,105,58,42,0,1,265,0,99,0
TX,Bexar,2019,365,196,163,5,1,0,0,169,71,49,0,3,161,0,200,1
TX,Bowie,2019,349,254,94,1,0,0,0,109,58,39,0,0,0,0,349,0
TX,Brazoria,2019,365,325,33,6,1,0,0,161,51,33,0,5,360,0,0,0
TX,Brewster,2019,362,310,52,0,0,0,0,93,54,40,0,0,308,0,54,0
TX,Cameron,2019,365,236,129,0,0,0,0,89,62,44,0,0,128,0,237,0
TX,Collin,2019,365,309,48,7,1,0,0,156,58,40,0,0,365,0,0,0
TX,Culberson,2019,176,158,16,2,0,0,0,108,51,34,0,0,103,0,73,0
TX,Dallas,2019,365,227,132,6,0,0,0,143,72,45,0,20,199,0,146,0
TX,Denton,2019,365,280,73,12,0,0,0,133,67,43,0,6,287,0,72,0
TX,Ector,2019,354,319,35,0,0,0,0,80,50,28,0,0,0,0,354,0
TX,El Paso,2019,365,147,205,11,2,0,0,157,84,53,0,21,204,0,137,3
TX,Ellis,2019,365,300,65,0,0,0,0,97,56,40,0,6,269,0,90,0
TX,Freestone,2019,357,357,0,0,0,0,0,31,1,0,0,0,0,357,0,0
TX,Galveston,2019,365,293,64,8,0,0,0,136,61,39,0,3,261,3,97,1
TX,Gregg,2019,362,322,39,1,0,0,0,112,51,35,0,2,343,17,0,0
TX,Harris,2019,365,179,159,22,4,1,0,202,93,51,0,22,154,2,184,3
TX,Harrison,2019,364,296,67,1,0,0,0,113,54,38,0,0,202,35,127,0
TX,Hidalgo,2019,365,243,120,2,0,0,0,106,66,42,0,0,132,0,232,1
TX,Hood,2019,357,325,31,1,0,0,0,133,50,35,0,0,357,0,0,0
TX,Howard,2019,334,294,36,4,0,0,0,115,54,11,0,0,0,334,0,0
TX,Hunt,2019,364,345,19,0,0,0,0,97,47,35,0,3,361,0,0,0
TX,Hutchinson,2019,359,221,57,79,2,0,0,162,117,19,0,0,0,359,0,0
TX,Jefferson,2019,365,249,109,6,1,0,0,174,65,43,0,0,202,15,148,0
TX,Johnson,2019,352,298,47,7,0,0,0,143,61,38,0,0,352,0,0,0
TX,Kaufman,2019,365,320,45,0,0,0,0,93,52,39,0,1,288,0,76,0
TX,Kleberg,2019,284,234,50,0,0,0,0,87,56,30,0,0,0,0,284,0
TX,Lubbock,2019,330,316,13,1,0,0,0,103,42,25,0,0,0,0,330,0
TX,Maverick,2019,339,287,51,1,0,0,0,104,54,25,0,0,0,0,339,0
TX,McLennan,2019,365,329,36,0,0,0,0,87,50,38,1,0,321,0,43,0
TX,Milam,2019,338,338,0,0,0,0,0,4,1,0,0,0,0,338,0,0
TX,Montgomery,2019,365,306,54,5,0,0,0,143,58,38,0,2,284,0,79,0
TX,Navarro,2019,365,275,80,7,3,0,0,193,67,41,0,2,225,67,71,0
TX,Nueces,2019,365,262,102,1,0,0,0,107,62,42,0,0,171,1,193,0
TX,Orange,2019,365,288,75,2,0,0,0,111,59,39,0,0,195,20,150,0
TX,Parker,2019,363,317,46,0,0,0,0,100,54,37,0,0,363,0,0,0
TX,Polk,2019,344,334,10,0,0,0,0,74,44,31,0,0,344,0,0,0
TX,Potter,2019,365,322,35,8,0,0,0,119,55,22,0,0,0,110,255,0
TX,Randall,2019,354,280,72,2,0,0,0,112,61,41,0,0,354,0,0,0
TX,Robertson,2019,352,352,0,0,0,0,0,17,1,0,0,0,0,352,0,0
TX,Rockwall,2019,323,305,16,2,0,0,0,105,47,34,0,0,323,0,0,0
TX,Rusk,2019,358,316,34,8,0,0,0,129,57,9,0,0,0,358,0,0
TX,Smith,2019,364,326,37,1,0,0,0,133,51,36,0,4,360,0,0,0
TX,Tarrant,2019,365,234,117,14,0,0,0,147,74,44,0,16,216,0,133,0
TX,Titus,2019,348,346,2,0,0,0,0,54,11,0,0,0,0,348,0,0
TX,Travis,2019,365,249,114,2,0,0,0,115,63,44,0,7,178,0,180,0
TX,Victoria,2019,341,319,22,0,0,0,0,87,48,31,0,0,341,0,0,0
TX,Webb,2019,365,258,106,1,0,0,0,109,67,41,0,0,138,0,225,2
UT,Box Elder,2019,364,313,49,2,0,0,0,121,54,40,0,66,275,0,23,0
UT,Cache,2019,365,272,79,14,0,0,0,147,67,44,0,1,289,0,75,0
UT,Carbon,2019,365,265,99,1,0,0,0,108,64,46,0,4,361,0,0,0
UT,Davis,2019,365,265,94,6,0,0,0,119,73,44,0,41,270,0,54,0
UT,Duchesne,2019,365,234,120,7,4,0,0,177,71,48,0,0,332,0,33,0
UT,Garfield,2019,300,258,42,0,0,0,0,80,51,41,0,0,268,0,32,0
UT,Iron,2019,365,329,36,0,0,0,0,84,50,42,0,20,323,0,22,0
UT,Salt Lake,2019,365,172,177,16,0,0,0,136,88,51,0,35,243,0,82,5
UT,San Juan,2019,362,299,63,0,0,0,0,93,58,44,0,0,362,0,0,0
UT,Tooele,2019,365,302,61,2,0,0,0,117,61,43,0,1,312,0,52,0
UT,Uintah,2019,365,223,125,12,4,1,0,205,77,49,0,0,343,0,22,0
UT,Utah,2019,365,253,111,1,0,0,0,107,67,46,0,7,297,0,59,2
UT,Washington,2019,365,291,74,0,0,0,0,93,61,44,0,0,355,0,10,0
UT,Wayne,2019,109,109,0,0,0,0,0,20,16,9,0,0,0,0,109,0
UT,Weber,2019,308,243,63,2,0,0,0,108,64,42,0,35,214,0,59,0
VT,Bennington,2019,365,345,20,0,0,0,0,94,46,35,0,0,312,0,53,0
VT,Chittenden,2019,365,335,30,0,0,0,0,80,49,37,0,0,283,0,82,0
VT,Rutland,2019,365,322,43,0,0,0,0,88,53,36,0,1,237,0,126,1
VT,Windham,2019,104,104,0,0,0,0,0,40,20,8,0,0,0,0,104,0
VI,St Croix,2019,57,51,6,0,0,0,0,71,59,20,0,0,0,0,57,0
VI,St John,2019,101,93,8,0,0,0,0,74,44,15,0,0,0,0,101,0
VI,St Thomas,2019,268,225,43,0,0,0,0,91,57,28,0,0,0,0,268,0
VA,Albemarle,2019,282,264,18,0,0,0,0,67,48,40,0,0,233,0,49,0
VA,Alexandria City,2019,109,109,0,0,0,0,0,16,8,5,0,0,0,0,0,109
VA,Arlington,2019,365,305,59,1,0,0,0,112,60,38,1,98,228,0,38,0
VA,Botetourt,2019,355,353,2,0,0,0,0,71,16,0,0,0,0,355,0,0
VA,Bristol City,2019,117,113,4,0,0,0,0,68,45,26,0,0,0,0,117,0
VA,Caroline,2019,239,229,10,0,0,0,0,84,48,39,0,0,239,0,0,0
VA,Carroll,2019,61,61,0,0,0,0,0,18,15,9,0,0,0,0,0,61
VA,Charles,2019,356,337,19,0,0,0,0,90,47,34,0,89,218,2,47,0
VA,Chesterfield,2019,280,255,25,0,0,0,0,87,50,39,0,0,235,0,45,0
VA,Covington City,2019,364,357,5,2,0,0,0,121,29,7,0,0,0,364,0,0
VA,Fairfax,2019,365,260,103,2,0,0,0,105,61,44,0,38,167,0,160,0
VA,Fauquier,2019,233,229,4,0,0,0,0,64,45,37,0,0,233,0,0,0
VA,Frederick,2019,365,333,32,0,0,0,0,96,49,38,0,0,203,0,162,0
VA,Giles,2019,365,306,55,4,0,0,0,134,59,41,0,0,296,69,0,0
VA,Hampton City,2019,364,326,38,0,0,0,0,84,51,39,1,6,223,0,134,0
VA,Hanover,2019,243,216,27,0,0,0,0,90,54,41,0,0,243,0,0,0
VA,Henrico,2019,363,329,34,0,0,0,0,100,50,37,4,17,302,0,40,0
VA,Hopewell City,2019,57,57,0,0,0,0,0,19,15,8,0,0,0,0,0,57
VA,Loudoun,2019,337,298,38,1,0,0,0,112,53,37,0,78,211,0,48,0
VA,Lynchburg City,2019,108,107,1,0,0,0,0,55,43,26,0,0,0,0,108,0
VA,Madison,2019,362,336,26,0,0,0,0,67,50,41,0,0,352,0,10,0
VA,Norfolk City,2019,364,357,7,0,0,0,0,69,36,18,12,250,0,0,101,1
VA,Prince Edward,2019,358,351,7,0,0,0,0,67,44,35,0,0,358,0,0,0
VA,Prince William,2019,364,347,17,0,0,0,0,100,48,36,0,119,245,0,0,0
VA,Richmond City,2019,362,311,51,0,0,0,0,95,53,33,2,89,0,0,271,0
VA,Roanoke,2019,365,329,36,0,0,0,0,71,50,37,0,57,203,0,105,0
VA,Rockbridge,2019,274,263,11,0,0,0,0,71,46,38,0,0,234,0,40,0
VA,Rockingham,2019,365,349,16,0,0,0,0,65,48,36,0,94,227,0,44,0
VA,Salem City,2019,118,113,5,0,0,0,0,60,45,26,0,0,0,0,118,0
VA,Stafford,2019,260,244,16,0,0,0,0,93,49,39,0,0,240,0,0,20
VA,Suffolk City,2019,245,223,22,0,0,0,0,97,50,41,0,0,245,0,0,0
VA,Virginia Beach City,2019,115,106,9,0,0,0,0,66,48,25,0,0,0,0,115,0
VA,Winchester City,2019,57,57,0,0,0,0,0,24,14,8,0,0,0,0,0,57
VA,Wythe,2019,242,232,10,0,0,0,0,71,48,41,0,0,242,0,0,0
WA,Adams,2019,360,354,6,0,0,0,0,88,31,13,0,0,0,0,360,0
WA,Asotin,2019,357,292,64,1,0,0,0,125,60,27,0,0,0,0,357,0
WA,Benton,2019,364,303,61,0,0,0,0,80,55,37,0,0,158,0,191,15
WA,Chelan,2019,365,298,66,1,0,0,0,102,56,24,0,0,0,0,365,0
WA,Clallam,2019,365,341,24,0,0,0,0,70,49,34,0,0,238,0,127,0
WA,Clark,2019,364,305,58,1,0,0,0,128,58,31,0,0,145,0,219,0
WA,Columbia,2019,365,340,25,0,0,0,0,68,42,17,0,0,0,0,365,0
WA,Cowlitz,2019,360,338,22,0,0,0,0,76,45,18,0,0,0,0,360,0
WA,Franklin,2019,333,314,19,0,0,0,0,71,43,16,0,0,0,0,333,0
WA,Garfield,2019,358,350,8,0,0,0,0,62,36,17,0,0,0,0,358,0
WA,Grant,2019,365,339,26,0,0,0,0,67,45,18,0,0,0,0,365,0
WA,Grays Harbor,2019,352,348,4,0,0,0,0,57,35,20,0,0,0,0,352,0
WA,Jefferson,2019,365,364,1,0,0,0,0,51,32,19,0,0,0,0,365,0
WA,King,2019,365,280,85,0,0,0,0,90,60,40,0,65,110,0,190,0
WA,Kitsap,2019,340,338,2,0,0,0,0,75,35,18,0,0,0,0,340,0
WA,Kittitas,2019,365,305,60,0,0,0,0,96,56,23,0,0,0,0,365,0
WA,Klickitat,2019,365,339,26,0,0,0,0,96,45,20,0,0,0,0,365,0
WA,Lewis,2019,365,343,22,0,0,0,0,62,45,20,0,0,0,0,365,0
WA,Mason,2019,361,339,22,0,0,0,0,71,43,21,0,0,0,0,361,0
WA,Okanogan,2019,365,260,105,0,0,0,0,90,64,31,0,0,0,0,365,0
WA,Pierce,2019,365,285,78,2,0,0,0,142,63,41,0,14,205,0,146,0
WA,San Juan,2019,112,112,0,0,0,0,0,39,23,16,0,0,0,0,112,0
WA,Skagit,2019,365,361,4,0,0,0,0,54,36,24,0,0,97,0,268,0
WA,Snohomish,2019,364,272,91,1,0,0,0,114,67,30,0,0,0,0,364,0
WA,Spokane,2019,365,301,63,1,0,0,0,107,59,37,0,0,143,0,197,25
WA,Stevens,2019,365,274,90,1,0,0,0,146,63,28,0,0,0,0,284,81
WA,Thurston,2019,365,323,42,0,0,0,0,71,52,30,0,0,150,0,215,0
WA,Walla Walla,2019,365,328,37,0,0,0,0,93,51,21,0,0,0,0,182,183
WA,Whatcom,2019,365,277,78,10,0,0,0,122,70,34,0,0,55,171,139,0
WA,Whitman,2019,365,354,11,0,0,0,0,67,38,18,0,0,0,0,365,0
WA,Yakima,2019,365,227,128,10,0,0,0,127,76,38,0,0,0,0,363,2
WV,Berkeley,2019,278,252,24,2,0,0,0,127,50,40,0,0,224,0,54,0
WV,Brooke,2019,365,317,45,3,0,0,0,112,53,24,0,0,0,149,114,102
WV,Cabell,2019,275,255,20,0,0,0,0,71,49,39,0,0,216,0,59,0
WV,Gilmer,2019,336,333,3,0,0,0,0,58,44,32,0,0,336,0,0,0
WV,Greenbrier,2019,242,222,20,0,0,0,0,84,50,42,0,0,242,0,0,0
WV,Hancock,2019,365,330,35,0,0,0,0,93,50,37,0,0,228,82,33,22
WV,Harrison,2019,111,101,10,0,0,0,0,59,49,31,0,0,0,0,111,0
WV,Kanawha,2019,365,314,51,0,0,0,0,93,54,40,18,0,240,3,104,0
WV,Marion,2019,99,87,12,0,0,0,0,61,54,31,0,0,0,0,99,0
WV,Marshall,2019,354,326,28,0,0,0,0,77,45,7,0,0,0,236,118,0
WV,Mason,2019,360,352,6,2,0,0,0,105,26,3,0,0,0,360,0,0
WV,Mineral,2019,344,321,10,12,1,0,0,161,31,3,0,0,0,344,0,0
WV,Monongalia,2019,364,337,27,0,0,0,0,74,49,36,0,0,226,87,51,0
WV,Ohio,2019,283,249,34,0,0,0,0,71,52,41,0,0,230,0,53,0
WV,Tucker,2019,362,349,13,0,0,0,0,61,47,35,0,0,355,0,7,0
WV,Wood,2019,364,333,31,0,0,0,0,87,49,35,0,0,226,88,50,0
WI,Ashland,2019,364,343,21,0,0,0,0,78,47,34,0,0,313,0,51,0
WI,Brown,2019,365,314,51,0,0,0,0,97,52,35,0,0,168,4,193,0
WI,Columbia,2019,192,184,8,0,0,0,0,71,46,37,0,0,192,0,0,0
WI,Dane,2019,365,287,78,0,0,0,0,93,61,38,0,0,161,0,204,0
WI,Dodge,2019,365,297,67,1,0,0,0,122,57,40,0,0,260,0,105,0
WI,Door,2019,201,191,9,1,0,0,0,112,47,35,0,0,201,0,0,0
WI,Eau Claire,2019,363,305,58,0,0,0,0,90,55,34,0,0,167,0,196,0
WI,Fond du Lac,2019,202,195,7,0,0,0,0,100,47,36,0,0,202,0,0,0
WI,Forest,2019,363,338,25,0,0,0,0,97,48,35,0,0,296,0,67,0
WI,Grant,2019,365,304,60,1,0,0,0,104,57,29,0,0,0,0,365,0
WI,Jefferson,2019,203,191,12,0,0,0,0,100,48,37,0,0,203,0,0,0
WI,Kenosha,2019,365,289,74,2,0,0,0,119,63,40,0,0,220,0,145,0
WI,Kewaunee,2019,210,199,11,0,0,0,0,90,45,36,0,0,210,0,0,0
WI,La Crosse,2019,365,310,55,0,0,0,0,83,57,35,0,0,186,0,179,0
WI,Manitowoc,2019,202,187,15,0,0,0,0,100,48,36,0,0,202,0,0,0
WI,Marathon,2019,205,196,9,0,0,0,0,84,47,34,0,0,205,0,0,0
WI,Milwaukee,2019,365,269,93,3,0,0,0,105,64,42,0,11,193,0,154,7
WI,Oneida,2019,365,363,2,0,0,0,0,52,7,0,0,0,0,365,0,0
WI,Outagamie,2019,365,304,59,2,0,0,0,119,58,37,0,0,172,8,185,0
WI,Ozaukee,2019,363,308,52,3,0,0,0,108,58,37,0,0,201,0,162,0
WI,Racine,2019,203,174,28,1,0,0,0,115,58,39,0,0,203,0,0,0
WI,Rock,2019,203,185,18,0,0,0,0,77,50,38,0,0,203,0,0,0
WI,Sauk,2019,365,311,53,1,0,0,0,107,54,35,0,0,175,0,190,0
WI,Sheboygan,2019,206,180,24,2,0,0,0,108,61,38,0,0,206,0,0,0
WI,Taylor,2019,365,320,45,0,0,0,0,85,52,35,0,0,277,0,88,0
WI,Vilas,2019,362,345,17,0,0,0,0,90,45,29,0,0,177,0,185,0
WI,Walworth,2019,205,189,15,1,0,0,0,112,49,37,0,0,205,0,0,0
WI,Waukesha,2019,365,281,83,1,0,0,0,115,60,40,0,0,154,0,210,1
WY,Albany,2019,365,247,118,0,0,0,0,90,61,47,0,0,328,0,2,35
WY,Big Horn,2019,356,344,12,0,0,0,0,77,46,36,0,0,356,0,0,0
WY,Campbell,2019,365,309,55,1,0,0,0,111,56,40,0,1,228,0,5,131
WY,Carbon,2019,365,325,38,2,0,0,0,139,51,43,0,8,347,10,0,0
WY,Converse,2019,365,317,47,1,0,0,0,101,52,41,0,3,319,1,3,39
WY,Fremont,2019,365,294,69,2,0,0,0,148,61,45,0,0,321,22,22,0
WY,Johnson,2019,364,345,19,0,0,0,0,80,49,40,0,1,356,0,0,7
WY,Laramie,2019,365,305,60,0,0,0,0,74,58,43,0,4,334,0,11,16
WY,Lincoln,2019,365,364,1,0,0,0,0,56,27,12,0,0,0,0,0,365
WY,Natrona,2019,364,327,37,0,0,0,0,84,51,42,0,1,358,2,3,0
WY,Park,2019,307,295,12,0,0,0,0,77,47,38,0,3,268,0,30,6
WY,Platte,2019,60,56,3,1,0,0,0,108,37,14,0,0,0,0,0,60
WY,Sheridan,2019,365,325,40,0,0,0,0,90,51,39,0,0,305,0,32,28
WY,Sublette,2019,365,266,88,8,3,0,0,200,71,46,0,0,363,0,2,0
WY,Sweetwater,2019,365,262,100,3,0,0,0,133,64,46,0,4,321,0,5,35
WY,Teton,2019,365,326,39,0,0,0,0,87,51,43,0,0,359,0,4,2
WY,Uinta,2019,365,315,49,1,0,0,0,101,58,44,0,1,360,0,0,4
WY,Weston,2019,365,340,25,0,0,0,0,71,49,40,0,0,360,5,0,0
